,Date,Age,Miles,Mins,Pace,Mins25,Pace25,Description,Age.1,comments,eq_100m,eq25_100m,eq_200m,eq25_200m,eq_400m,eq25_400m,eq_800m,eq25_800m,eq_1Mi,eq25_1Mi,eq_5k,eq25_5k,eq_5Mi,eq25_5Mi,eq_10k,eq25_10k,eq_15k,eq25_15k,eq_20k,eq25_20k,eq_HMa,eq25_HMa,eq_16.3,eq25_16.3,eq_Mar,eq25_Mar
0,1983-09-04,12,6.0,42.75,7.12,31.57,5.26, Leicester,12.13, James Longstaff 43m40s,0.22848283669758865,0.1687298983518801,0.6069680084544982,0.4482334509218364,1.3705937450676193,1.0121554276440876,2.9236263313899773,2.15903820542647,6.162954263588167,4.551215581321133,20.873917667794554,15.414960953737404,35.07325931217431,25.900884128312114,44.40674210247644,32.79347013275278,,,,,,,,,,
1,1984-05-01,12,0.249,1.27,5.11,1.03,4.16, Humphries Sports Day,12.79, ,0.21133396151526618,0.17139683492970406,0.5614117698892979,0.4553182070755723,1.267723256414917,1.0281535071711532,,,,,,,,,,,,,,,,,,,,
2,1984-05-01,12,0.497,3.17,6.37,2.47,4.96, Humphries athletics class,12.79, ,0.24784584610292326,0.19311647945559007,0.6584061270734346,0.5130167614736226,1.4867461001426,1.1584425449060638,3.1713920059177108,2.471084622907491,,,,,,,,,,,,,,,,,,
3,1984-06-02,12,9.2,92.5,10.05,64.43,7.0, Barrow,12.87, James Longstaff 91m30s,0.31410407658899653,0.218786223293287,0.8344220886359227,0.5812088126574325,1.884207535653651,1.312426935374754,4.019220709903835,2.799550165828153,8.472448460479965,5.901403830364586,28.69617135625551,19.988046707930188,48.21654829066293,33.58478060937743,61.0476433329895,42.52215848588664,93.7723644839636,65.31625344542459,,,,,,,,
4,1984-09-01,13,5.0,37.5,7.5,28.68,5.74, Leicester,13.12, ,0.2442917066788113,0.18683429726795492,0.6489645035396806,0.49632805230714777,1.4654259811603871,1.1207577903914643,3.125913860793322,2.3906989207347333,6.589372913065287,5.0395524039123325,22.31819705078242,17.068957104438397,37.5,28.68,,,,,,,,,,,,
5,1984-09-01,13,9.0,93.33,10.37,65.48,7.28, sileby,13.12, Neil D 93m45s,0.3242192117534913,0.22747105952661106,0.8612930936303484,0.6042802075529328,1.9448849203857024,1.3645244250172055,4.148652206553306,2.9106798080479,8.745287839970441,6.135663213985476,29.620277961697113,20.78148292008922,49.76927217894159,34.917946451056416,63.01356867370089,44.210098325875215,96.79212835251948,67.9090170847849,,,,,,,,
6,1985-05-01,13,0.497,3.03,6.1,2.5,5.03, Humphries athletics class,13.79, ,0.23689997277345662,0.19546202374047578,0.6293282539534722,0.5192477342850431,1.4210853890952926,1.1725126972733437,3.031330529315667,2.501097796465072,,,,,,,,,,,,,,,,,,
7,1985-05-01,13,0.932,6.5,6.97,5.23,5.61, Humphries athletics class 1500m,13.79, ,0.25975010983056823,0.20899893452521107,0.6900299783496213,0.555208736425926,1.55815588146609,1.2537161938565617,3.3237168780743804,2.674313734204463,7.006338287748901,5.637407576142578,,,,,,,,,,,,,,,,
8,1985-06-01,13,4.0,26.45,6.61,21.62,5.4, barrow,13.87, Adam Mayes 22m30s; Steve Warriner 27m00s; Mick Greaves 27m30s; Chris Harrison 32m00s,0.2198067232713018,0.17966810423915106,0.583919785823891,0.47729095536909366,1.3185485806892332,1.0777701442155474,2.8126083046802006,2.2990015707820777,5.928930163551801,4.846255959772777,20.08127836081474,16.414262312318137,,,,,,,,,,,,,,
9,1985-09-01,14,9.0,67.17,7.46,54.4,6.04, sileby,14.12, Neil D 102m,0.23334195278562103,0.18898023271606051,0.6198763216452428,0.502028761314593,1.3997419918815777,1.1336305546874768,2.9858027291780305,2.41815793460302,6.294021045867508,5.097435535137597,21.31784068024424,17.265007190788847,35.8191579584218,29.00941183472005,45.351134767089775,36.729220356255524,69.66170857643559,56.41799831112247,,,,,,,,
10,1986-06-01,14,4.0,32.5,8.12,27.08,6.77, barrow,14.87, Steve Warriner 28m30s; Jason Cramphorn 29m00s; Wayne Morley 32m15s,0.27008387547513457,0.22504219531897363,0.7174817784225506,0.597827894144082,1.6201447588809106,1.34995446370754,3.455945932026712,2.879600487362565,7.2850748701487165,6.070148537957761,24.67453862860034,20.55958480192299,,,,,,,,,,,,,,
11,1986-07-01,14,0.932,6.05,6.49,5.23,5.61, Humphries with Stub 1500m,14.95, ,0.24176740991922122,0.20899893452521107,0.642258672156186,0.555208736425926,1.4502835512107455,1.2537161938565617,3.0936134019000003,2.674313734204463,6.521284098597055,5.637407576142578,,,,,,,,,,,,,,,,
12,1986-09-07,15,9.0,66.5,7.39,57.08,6.34, sileby,15.14, Neil D 85m,0.23101443889003717,0.19829028829839584,0.6136932468275814,0.5267610605852383,1.3857799979175958,1.1894785305434041,2.9560202693217064,2.537287774028316,6.231240130269305,5.348559197530405,21.10520180491651,18.11556269209977,35.46187292295741,30.438551976577585,44.89877120755501,38.538674594394585,68.96685455311845,59.197414404391,,,,,,,,
13,1986-10-04,15,6.215,42.5,6.84,37.0,5.95, shepshed,15.21, ,0.218672212819368,0.1903734558662733,0.5809059421604719,0.505729879057352,1.3117430238622565,1.1419880443036114,2.798091307786903,2.4359853738380095,5.89832858258454,5.135015471897129,19.977630847902148,17.392290385232457,33.56727943084752,29.223278563326076,42.5,37.0,,,,,,,,,,
14,1987-06-06,15,4.0,28.0,7.0,25.08,6.27, Barrow,15.89, Steve Warriner 27m30s; John Warriner 29m00s,0.23268764656319285,0.20842164913588843,0.6181381475640435,0.5536751693180789,1.3958170230358613,1.2502532477764072,2.977430341438398,2.666926891545536,6.276372195820433,5.621836238256301,21.25806404925568,19.041151655547587,,,,,,,,,,,,,,
15,1987-07-04,15,3.108,21.33,6.87,19.22,6.18, loughborough,15.96, Steve Warriner 21m30s; John Warriner 22m10s,0.23343413087748577,0.21034242829185545,0.6201211940989069,0.5587777473315044,1.4002949380808112,1.2617753731792403,2.9869822238851524,2.6915048449635552,6.296507400521004,5.673646143366794,21.326261960057504,19.216631733347647,,,,,,,,,,,,,,
16,1987-08-01,16,3.85,25.42,6.6,23.05,5.99, thringstone,16.04, Steve Warriner 25m36s; John Warriner 26m30s,0.2202505247845906,0.19971575909853712,0.585098751056306,0.5305478446832358,1.3212108006920873,1.1980294632554136,2.8182871110575882,2.5555278485396307,5.940900990192623,5.387008962389456,20.12182353428654,18.245791993127646,,,,,,,,,,,,,,
17,1987-09-06,16,5.0,31.5,6.3,28.78,5.76, Leicester,16.14, John Warriner 34m30s,0.20520503361020154,0.1874857418190984,0.5451301829733317,0.49805862431658693,1.2309578241747254,1.124665593007892,2.625767643066391,2.399034691030182,5.535073246974842,5.05712406501384,18.747285522657233,17.128472296573815,31.5,28.78,,,,,,,,,,,,
18,1987-10-04,16,3.0,21.5,7.17,19.48,6.49, melton,16.21, John Warriner 21m45s,0.2445337934461535,0.22155899052702652,0.6496076105895171,0.5885747095015718,1.4668781804322388,1.3290598583637214,3.1290115606368314,2.835030009358394,6.59590281131285,5.976194733226713,22.34031380722243,20.241363393706646,,,,,,,,,,,,,,
19,1987-11-01,16,6.215,48.5,7.8,43.72,7.03, shepshed,16.29, ,0.24954358404092583,0.2249493916344181,0.6629161928184208,0.5975813597942549,1.4969302742898691,1.3493977647825377,3.1931159630038777,2.878412987681021,6.731033794243534,6.0676453089552025,22.79800226172363,20.551106368712517,38.30618946814364,34.53085780509773,48.5,43.72,,,,,,,,,,
20,1988-06-04,16,4.0,27.5,6.88,25.58,6.4, barrow,16.88, Philip Bacon 26m30s; Steve Warriner 26m45s; John Warriner 27m15s; James Longstaff 28m00s; Andy Neal 28m00s; Jason Tuckwood 32m30s,0.22853251001742153,0.21257678568165975,0.6070999663575427,0.5647133505245797,1.370891719053078,1.2751785517591905,2.924261942484141,2.7200952904997937,6.164294120895067,5.733914313181667,20.87845576266183,19.420759942141437,,,,,,,,,,,,,,
21,1988-07-02,16,3.108,21.0,6.76,19.6,6.31, loughborough,16.96, Steve Warriner 21m03s; John Warriner 21m07s,0.2298226323688327,0.21450112354424386,0.6105271953153796,0.5698253822943542,1.3786307407265372,1.2867220246781015,2.940770121968505,2.744718780503938,6.199093080681721,5.785820208636273,20.996319791899094,19.59656513910582,,,,,,,,,,,,,,
22,1988-08-07,17,4.5,27.67,6.15,26.03,5.79, thringstone,17.05, John Warriner 29m10s,0.2021982335107033,0.19021395078726444,0.5371425743870957,0.5053061514743803,1.2129210146331164,1.141031225547525,2.5872931560056665,2.4339443748040295,5.453969686809023,5.1307130808687695,18.47258787522075,17.377718192699533,,,,,,,,,,,,,,
23,1988-09-03,17,6.215,51.5,8.29,47.6,7.66, Leicester (Run the World),17.13, ,0.26497926965170476,0.24491287835769215,0.7039213181473953,0.6506146552197285,1.5895238995036753,1.4691521867257271,3.390628290612365,3.1338622647213312,7.147386400073031,6.606128012494684,24.20818796863437,22.374946549650407,40.675644486791704,37.59535296254922,51.5,47.6,,,,,,,,,,
24,1988-09-11,17,9.0,59.5,6.61,55.87,6.21, sileby,17.15, John Warriner 67m20s,0.2066971295331912,0.19408686768099814,0.549093957687836,0.5155946120339394,1.2399084191894278,1.164263586220392,2.6448602409720534,2.483501540556447,5.575320116556747,5.235178738017234,18.8836016149253,17.731543230687,31.729044194225057,29.793305867753844,40.17258476465448,37.72171950926463,61.7071856527902,57.942528780191395,,,,,,,,
25,1988-10-18,17,13.112,97.08,7.4,90.73,6.92, Bellshire Half M in Melton,17.25, ,0.23110055274944735,0.2159842722595525,0.6139220095587431,0.5737653886203622,1.386296566771419,1.2956189483227323,2.9571221671732393,2.763696891508323,6.233562912079426,5.825825741789929,21.11306906373282,19.732063825221246,35.47509183149829,33.15466709797939,44.915507851766655,41.9775857786443,68.99256291163269,64.47976136147953,92.1523531219086,86.12467036208042,97.08,90.73,,,,
26,1989-06-03,17,4.0,27.67,6.92,26.23,6.56, barrow,17.88, Jason Tuckwood 38m,0.2299452564429838,0.21797846319116243,0.610852947967753,0.5790629860930308,1.3793663224072246,1.3075814469368088,2.9423391981285887,2.789214209140328,6.202400666369693,5.879615810584641,21.00752258010374,19.914250714713447,,,,,,,,,,,,,,
27,1989-09-02,18,6.215,45.28,7.29,42.92,6.91, walton,18.12, John Warriner 46m17s; Steve Warriner 46m20s,0.23297594815202313,0.22083320880487703,0.6189040249653216,0.5866466597065283,1.3975464498937171,1.3247061313921893,2.9811193980374346,2.825743033652091,6.284148663986541,5.9566179474006695,21.284402936306105,20.17505684686965,35.762974414794726,33.89900313345825,45.28,42.92,,,,,,,,,,
28,1989-09-10,18,9.0,62.5,6.94,59.38,6.6, sileby,18.15, ,0.21711883354326802,0.2062802613727881,0.5767793673191555,0.5479865413025832,1.3024248100729283,1.2374077635540877,2.7782145388361905,2.6395260690574878,5.856428693862129,5.564075773464531,19.83571598206439,18.845517040239734,33.328827935110354,31.665052844589646,42.198093240183276,40.09156442563333,64.81847232435945,61.58273418592743,,,,,,,,
29,1991-04-01,19,0.932,4.58,4.92,4.37,4.68, St Andrews 1500m,19.71, ,0.18302392354215424,0.17463199691685896,0.486205738590964,0.46391246236736083,1.0979006057099527,1.0475601849241252,2.3419420463970253,2.2345604241823143,4.936773747367687,4.710415125763492,,,,,,,,,,,,,,,,
30,1991-05-01,19,0.037,0.14,3.84,0.13,3.58, Track meet 60m  Glasgow,19.79, ,,,,,,,,,,,,,,,,,,,,,,,,,,
31,1991-05-01,19,0.249,0.97,3.9,0.93,3.75, St Andrews or Glasgow,19.79, ,0.16141255328331353,0.1547563655190532,0.4287948163721409,0.4111125559031867,0.9682610698602122,0.9283327783195849,,,,,,,,,,,,,,,,,,,,
32,1991-05-01,19,1.0,4.87,4.87,4.63,4.63, Track meet mile  Glasgow,19.79, 3rd place,0.18054838104046209,0.17165071955181507,0.47962942360899746,0.4559926552997245,1.0830506365940706,1.0296764779118166,2.3102654384424346,2.1964125215582078,4.87,4.63,,,,,,,,,,,,,,,,
33,1991-05-01,19,3.108,16.92,5.44,16.03,5.16, Track meet 5k  Glasgow,19.79, Might have been 17m55s,0.18517137808003095,0.1754312760415423,0.49191048308267726,0.4660357590907397,1.1107824825282386,1.05235479875459,2.3694204982717673,2.2447878597692923,4.994697853577844,4.73197438492038,16.9170348037587,16.027190774482975,,,,,,,,,,,,,,
34,1991-05-15,19,13.112,90.33,6.89,84.4,6.44, St Andrews Half,19.82, ,0.21503206561451976,0.2009156021019093,0.5712358376951098,0.5337352452282439,1.2899069723574608,1.2052269286723092,2.7515126221751,2.570880829310068,5.80014151059059,5.419372783060399,19.645071369252012,18.355408209508134,33.008498610828596,30.84155078881804,41.79251982128226,39.048917003390045,64.19549039769035,59.98117335951584,85.74497381028021,80.11597242984224,90.33,84.4,,,,
35,1994-05-01,22,0.249,0.97,3.92,0.97,3.89, Durham Track with Andy,22.79, ,0.16141255328331353,0.16141255328331353,0.4287948163721409,0.4287948163721409,0.9682610698602122,0.9682610698602122,,,,,,,,,,,,,,,,,,,,
36,1995-07-01,23,13.112,119.2,9.09,119.2,9.09, Leeds Half M,23.95, Andy 119m19s; Julia 119m44s ,0.2837575802197582,0.2837575802197582,0.7538061757251976,0.7538061757251976,1.7021688376509392,1.7021688376509392,3.6309122613004754,3.6309122613004754,7.653900897402839,7.653900897402839,25.923751878831396,25.923751878831396,43.55820917093733,43.55820917093733,55.14965529388737,55.14965529388737,84.71274720917404,84.71274720917404,113.14957243645968,113.14957243645968,119.2,119.2,,,,
37,1998-04-04,26,3.108,20.5,6.6,20.48,6.59, Beat Beethoven,26.71, Art 23m; SteveMc 21m45s,0.22435066493147954,0.22413178623398544,0.5959908335221562,0.5954093790504273,1.3458061992806674,1.3444932176228326,2.8707517857311595,2.867951052281666,6.051495626379775,6.045591728207698,20.496407415901498,20.476410920861593,,,,,,,,,,,,,,
38,1998-04-25,26,6.215,41.67,6.7,41.62,6.7, Law Days Judicata,26.77, ,0.21440167313371916,0.21414441170687284,0.5695611908194556,0.5688777720639727,1.28612545421977,1.284582227132873,2.743446230481888,2.74015435835508,5.783137694971712,5.776198484874554,19.58747946899018,19.563976373874997,32.911730209021556,32.87223929204409,41.67,41.62,,,,,,,,,,
39,1998-06-10,26,0.124,0.46,3.67,0.45,3.62, Track meet 200m,26.9, 1st,0.1736849517041806,0.1699091918845245,0.46139662286289707,0.4513662614963123,,,,,,,,,,,,,,,,,,,,,,
40,1998-06-10,26,0.249,0.97,3.92,0.97,3.89, Track meet 400m,26.9, 3rd,0.16141255328331353,0.16141255328331353,0.4287948163721409,0.4287948163721409,0.9682610698602122,0.9682610698602122,,,,,,,,,,,,,,,,,,,,
41,1998-06-10,26,0.497,2.35,4.73,2.35,4.73, Track meet 800m,26.9, 3rd,0.18373430231604723,0.18373430231604723,0.48809287022794057,0.48809287022794057,1.1021619354369432,1.1021619354369432,2.3510319286771675,2.3510319286771675,,,,,,,,,,,,,,,,,,
42,1998-06-10,26,1.0,5.2,5.2,5.2,5.2, Track meet mile,26.9, 3rd place,0.19278266558735171,0.19278266558735171,0.5121299800342478,0.5121299800342478,1.15644010478217,1.15644010478217,2.4668131991582465,2.4668131991582465,5.2,5.2,,,,,,,,,,,,,,,,
43,1998-06-13,26,3.108,19.33,6.22,19.32,6.22, Mosquito Meander,26.9, Michelle Mitchell 19m45s (my beautiful rabbit),0.21154626112807312,0.21143682177932607,0.5619757469260136,0.5616850196901492,1.2689967722973314,1.2683402814684142,2.706908878935771,2.7055085122110243,5.706117583313222,5.703165634227183,19.326612456067117,19.316614208547165,,,,,,,,,,,,,,
44,1998-06-20,26,6.215,39.33,6.33,39.3,6.32, Midnight Sun Run,26.92, Michelle Mitchell 39m28s,0.20236183835731159,0.2022074815012038,0.5375771930628555,0.5371671418095657,1.213902426553001,1.2129764903008629,2.589386614947268,2.587411491671183,5.458382662424705,5.45421913636641,18.4875346175998,18.47343276053069,31.063555294476068,31.039860744289587,39.33,39.3,,,,,,,,,,
45,1998-06-24,26,0.124,0.45,3.65,0.45,3.62, Track meet 200m,26.93, ,0.1699091918845245,0.1699091918845245,0.4513662614963123,0.4513662614963123,,,,,,,,,,,,,,,,,,,,,,
46,1998-06-24,26,0.497,2.27,4.56,2.27,4.56, Track meet 800m,26.93, ,0.177479517556352,0.177479517556352,0.4714769427308192,0.4714769427308192,1.0646415291241962,1.0646415291241962,2.2709967991902853,2.2709967991902853,,,,,,,,,,,,,,,,,,
47,1998-07-08,26,0.249,0.98,3.96,0.98,3.96, Track meet 400m,26.97, ,0.16307660022437862,0.16307660022437862,0.4332153814893795,0.4332153814893795,0.978243142745369,0.978243142745369,,,,,,,,,,,,,,,,,,,,
48,1998-07-08,26,1.0,5.05,5.05,5.05,5.05, Track meet mile,26.97, ,0.18722162715694735,0.18722162715694735,0.4973569998409522,0.4973569998409522,1.1230812556057612,1.1230812556057612,2.3956551261056047,2.3956551261056047,5.05,5.05,,,,,,,,,,,,,,,,
49,1998-07-22,27,1.0,5.02,5.02,5.02,5.02, Mapco Mile,27.01, Me 9th; Mark Dammeyer 4th in 4m54s,0.18610941947086646,0.18610941947086646,0.49440240380229306,0.49440240380229306,1.1164094857704794,1.1164094857704794,2.3814235114950764,2.3814235114950764,5.02,5.02,,,,,,,,,,,,,,,,
50,1998-07-23,27,9.0,61.25,6.81,61.2,6.8, Grandmas over the hill,27.01, Me 5th; Art 69m50s; Kevin Brinegar 54m40s; Scott McCrea 55m10s,0.21277645687240268,0.21260276180556809,0.5652437799727723,0.5647823564789171,1.2763763138714697,1.2753343740234115,2.7226502480594665,2.7204276764283977,5.739300119984887,5.734614977029797,19.439001662423102,19.423133089637453,32.66225137640814,32.63558831406006,41.35413137537961,41.32037290078747,63.52210287787226,63.470248100012775,,,,,,,,
51,1998-07-26,27,16.3,115.0,7.06,114.9,7.05, Gold Discovery Run,27.02, Heather Hunt 1h51m; Kevin 1h33m; Art 2h08m,0.22215093293189248,0.22195775820760388,0.5901472131862875,0.5896340416965604,1.3326107270822476,1.3314519351456544,2.842604400619227,2.840132570705645,5.9921614203555835,5.986950845207449,20.295442541190283,20.2777943302849,34.10128038402431,34.07162709673385,43.17610604418412,43.1385616041457,66.32075100572487,66.26308078745903,88.58365319487599,88.50662393122828,93.32047159752929,93.23932336135753,115.0,114.9,,
52,1998-08-08,27,13.112,89.25,6.81,89.18,6.8, Santa Claus Half M,27.06, First 5 miles = 35m06s; Second 5 miles = 33m41s; Last 5k = 20m28s,0.21246110767293136,0.21229447151005063,0.5644060501969286,0.5639633787850094,1.2744846372512275,1.273485041457305,2.7186150949753976,2.7164828478420837,5.730794086352377,5.7262993458924925,19.410191738135083,19.394968058340467,32.613843695521446,32.58826421027006,41.29284173640476,41.260455193866406,63.42795879545959,63.37821137679648,84.71979312041968,84.65334622385464,89.25,89.18,,,,
53,1998-08-15,27,3.108,18.13,5.84,18.12,5.83, GCI 5k,27.08, ,0.19841353927842556,0.1983040999296785,0.5270884786222777,0.5267977513864133,1.190217872827244,1.1895613819983266,2.5388648719661426,2.5374645052413958,5.351883692988552,5.348931743902514,18.126822753672883,18.116824506152934,,,,,,,,,,,,,,
54,1998-08-27,27,11.5,81.33,7.07,81.27,7.07, Musk Ox Run,27.11, Out in 44m40s; back in 36m30s; 6th; just ahead of Jim Brader and Dave Covey - 5minutes ahead of Michelle,0.22022823786834833,0.220065767755572,0.5850395455362692,0.5846079412975852,1.3210771087770186,1.3201025037539442,2.818001931583659,2.815922992497282,5.940299836742926,5.935917468733525,20.119787428374018,20.10494435391561,33.80613706596766,33.78119709026425,42.80242097854606,42.770844127953254,65.74675125300567,65.69824756340552,,,,,,,,
55,1998-09-19,27,26.224,245.2,9.35,244.97,9.34, Equinox Marathon,27.17, Beat Art by about 9 seconds. Matias Saari did 3:49:17.,0.27678803466813373,0.27652840478243357,0.7352914756958844,0.7346017650947013,1.6603608153194256,1.6588033806231632,3.5417311779987104,3.5384089994875363,7.4659087002930535,7.458905604856399,25.28702256415159,25.263303089478853,42.48834903635018,42.44849454908117,53.79509047687188,53.744630155462076,82.63206499437527,82.55455530861381,110.370435757073,110.26690720803494,116.27225502448168,116.1631905112042,143.28377363418087,143.1493720520607,244.85494286708717,244.6252665340552
56,1998-10-10,27,6.5,40.2,6.18,40.18,6.18, Miller Hill / Yankovich Cookie Challenge,27.23, WON THE RACE BY 1 MINUTE FROM ROCKY REIFENSTAHL: I practised it a couple of times in the week before,0.19708567168619842,0.1969876191132202,0.5235609788783379,0.5233005007793934,1.182252429809774,1.1816642445213115,2.5218737109960387,2.5206190474582297,5.316066616497033,5.313421807235094,18.00551036454771,17.99655239919221,30.253637295798857,30.238585734955176,38.30455154163763,38.285494550820886,,,,,,,,,,
57,1999-04-03,27,3.108,19.82,6.38,19.8,6.37, Beat Beethoven,27.71, Beat Beethoven 5k around campus. 19m49s. 6m40s for first 2 miles; then 5m50s for the third; passing Michelle who finished in 20m11s. Art beat his time of last year by almost 2 minutes to finish in 21:23. 5 miles total.,0.21690878921667922,0.21668991051918512,0.5762213814833724,0.5756399270116436,1.3011648229142843,1.2998518412564495,2.77552684844837,2.7727261149988762,5.850763088529129,5.8448591903570515,19.816526584544764,19.79653008950486,,,,,,,,,,,,,,
58,1999-04-24,27,3.108,18.0,5.79,18.0,5.79, Alaskaland Run for Youth,27.77, 4th; just behind Stuart Grant; Art smashed PB too in 19m50s,0.19699082774471374,0.19699082774471374,0.5233090245560396,0.5233090245560396,1.1816834920513177,1.1816834920513177,2.520660104544433,2.520660104544433,5.313508354870047,5.313508354870047,17.99684553591351,17.99684553591351,,,,,,,,,,,,,,
59,1999-04-25,27,3.108,18.73,6.03,18.73,6.03, Alaskaland Couch Potato Challenge,27.77, ,0.20497990020324935,0.20497990020324935,0.5445321127741456,0.5445321127741456,1.2296073225622877,1.2296073225622877,2.622886875450957,2.622886875450957,5.529000638150887,5.529000638150887,18.72671760487,18.72671760487,,,,,,,,,,,,,,
60,1999-05-01,27,6.215,39.8,6.4,39.78,6.4, Law Days 10k,27.79, Law Days 10k. Around freezing; windy & snowing. Legs felt sore. Got to the turn around in 20m30s. At the 4 mile point I was 35s behind Michelle Mitchell; who was ~10 s behind Tina Devine. I did the second-half in 19m18s; passing Michelle around the 6 mile mark.,0.20478009576966696,0.20467719119892844,0.5440013293643948,0.5437279618622017,1.2284087611698307,1.227791470335072,2.620330212939264,2.619013464088541,5.523611237337993,5.52083555329913,18.70846371168248,18.699062473636413,31.434769914064265,31.418973547273282,39.8,39.78,,,,,,,,,,
61,1999-05-22,27,3.108,16.67,5.36,16.67,5.36, Presbyterian 5k,27.84, Presbyterian 5k from Patty Center. I won it in 16m40s from Stuart Grant. Michelle 4th in 18m20s. But was it really 5k? It might have been more like a 17m20s 5k performance.,0.18243539436135434,0.18243539436135434,0.4846423021860656,0.4846423021860656,1.0943702118053036,1.0943702118053036,2.3344113301530944,2.3344113301530944,4.920899126426871,4.920899126426871,16.667078615759902,16.667078615759902,,,,,,,,,,,,,,
62,1999-06-09,27,0.249,0.97,3.9,0.97,3.89, Track meet 400m,27.89, ,0.16141255328331353,0.16141255328331353,0.4287948163721409,0.4287948163721409,0.9682610698602122,0.9682610698602122,,,,,,,,,,,,,,,,,,,,
63,1999-06-09,27,0.497,2.45,4.93,2.45,4.93, Track meet 800m,27.89, ,0.19155278326566624,0.19155278326566624,0.5088627795993423,0.5088627795993423,1.1490624433278769,1.1490624433278769,2.45107584053577,2.45107584053577,,,,,,,,,,,,,,,,,,
64,1999-06-09,27,1.0,5.15,5.15,5.15,5.15, Track meet mile,27.89, ,0.19092898611055026,0.19092898611055026,0.5072056533031494,0.5072056533031494,1.1453204883900336,1.1453204883900336,2.443093841474033,2.443093841474033,5.15,5.15,,,,,,,,,,,,,,,,
65,1999-06-19,27,6.215,43.72,7.03,43.7,7.03, Midnight Sun Run,27.92, Injured,0.2249493916344181,0.22484648706367957,0.5975813597942549,0.5973079922920618,1.3493977647825377,1.3487804739477791,2.878412987681021,2.877096238830298,6.0676453089552025,6.064869624916339,20.551106368712517,20.541705130666447,34.53085780509773,34.51506143830675,43.72,43.7,,,,,,,,,,
66,1999-06-24,27,6.215,45.0,7.24,44.97,7.24, Hugh Heacock at Birch Hill,27.93, ,0.23153528416168376,0.23138092730557597,0.6150768799346172,0.6146668286813275,1.388904378207095,1.387978441954957,2.962684914127309,2.960709790851224,6.245289087442454,6.241125561384159,21.152785603661098,21.13868374659199,35.5418252797209,35.51813072953443,45.0,44.97,,,,,,,,,,
67,1999-07-04,27,3.108,19.23,6.19,19.22,6.18, 1st Salmon Run in Nenana,27.96, Came in first - someone ahead went wrong way,0.2104518676406025,0.21034242829185545,0.559068474567369,0.5587777473315044,1.2624318640081578,1.2617753731792403,2.6929052116883025,2.6915048449635552,5.676598092452833,5.673646143366794,19.2266299808676,19.216631733347647,,,,,,,,,,,,,,
68,1999-07-07,27,0.062,0.22,3.57,0.22,3.49, Track meet 100m,27.97, ,0.22088283056638267,0.22088283056638267,,,,,,,,,,,,,,,,,,,,,,,,
69,1999-07-07,27,0.124,0.46,3.66,0.45,3.62, Track meet 200m,27.97, ,0.1736849517041806,0.1699091918845245,0.46139662286289707,0.4513662614963123,,,,,,,,,,,,,,,,,,,,,,
70,1999-07-07,27,1.0,5.32,5.32,5.32,5.32, Track meet mile,27.97, ,0.19723149633167522,0.19723149633167522,0.5239483641888844,0.5239483641888844,1.183127184123297,1.183127184123297,2.5237396576003603,2.5237396576003603,5.32,5.32,,,,,,,,,,,,,,,,
71,1999-07-10,27,13.112,89.02,6.79,88.97,6.79, Santa Claus Half M,27.98, First 5 miles = 34m38s; Second 5 miles = 33m59s; Last 5k = 20m34s,0.21191358885203754,0.21179456302140845,0.5629515584149084,0.5626353645492519,1.2712002510711962,1.2704862540755373,2.7116091401087945,2.7100861064421413,5.716025653412758,5.71281512451284,19.360171075952774,19.34929701895662,32.52979681540974,32.511525754515894,41.18642881092159,41.163295566251335,63.264502991280814,63.228969120807164,84.50146760313457,84.45400553415953,89.02,88.97,,,,
72,1999-07-21,28,1.0,4.88,4.88,4.88,4.88, Mapco Mile,28.01, 2nd; behind Kevin Brinegar in 4m43s,0.18091911693582238,0.18091911693582238,0.4806142889552172,0.4806142889552172,1.085274559872498,1.085274559872498,2.3150093099792777,2.3150093099792777,4.88,4.88,,,,,,,,,,,,,,,,
73,2000-03-01,28,4.0,28.0,7.0,27.97,6.99, Cudjoehead - Salem Park,28.62, Came 8th; 1 minute behind Simon Carn; 4th,0.23268764656319285,0.23243833837044656,0.6181381475640435,0.6174758566916535,1.3958170230358613,1.3943215047968944,2.977430341438398,2.9742402375011427,6.276372195820433,6.26964751132491,21.25806404925568,21.235287552060047,,,,,,,,,,,,,,
74,2000-07-01,28,13.112,102.68,7.83,102.5,7.82, Santa Claus Half M,28.95, ,0.24443144577990578,0.24400295278964104,0.6493357225122759,0.6481974245959123,1.4662642302852216,1.4636938411008493,3.127701937838362,3.122219016638412,6.593142148870164,6.581584244830461,22.33096344730208,22.29181684211592,37.521450651609435,37.45567483239158,47.50643125483519,47.42315157402227,72.97235640468112,72.844434470976,97.4681048471114,97.2972413988013,102.68,102.5,,,,
75,2000-07-23,29,16.3,111.5,6.84,111.32,6.83, Gold Discovery Run,29.01, Not far behind Jane LeBlond 109m32s - paced her to 13 miles,0.2153898175817914,0.21504210307807192,0.5721862110458352,0.5712625023643263,1.2920530093014835,1.2899671838156155,2.756090353643859,2.7516410597994114,5.809791290170848,5.800412254904205,19.67775515950188,19.645988379872193,33.06341532885835,33.01003941173553,41.862050642839385,41.79447065077022,64.3022933664202,64.19848697354168,85.88762896720586,85.74897629263995,90.48028333151753,90.33421650640835,111.5,111.32,,
76,2000-07-29,29,6.215,47.52,7.65,47.43,7.63, Beaver Sports Triathlon,29.03, With Amber Bethe. 800m swim; 30 mile bike ride; 10k run. Me 3:04:48 (19:58; 1:57:19; 47:31); Amber 3:07:10 (24:07; 1:44:53; 58:10),0.24450126007473807,0.24403818950641468,0.6495211852109559,0.6482910314510866,1.4666830233866925,1.4639052146302782,3.1285952693184385,3.122669899490184,6.595025276339232,6.582534698164347,22.33734159746612,22.2950360262588,37.53216749538528,37.461083844825836,47.52,47.43,,,,,,,,,,
77,2001-03-01,29,4.0,26.5,6.62,26.43,6.61, Cudjoehead - Salem Park,29.61, Came 3rd,0.22022223692587894,0.21964051780947097,0.5850236039445412,0.5834782585756311,1.3210411110875115,1.317551568529922,2.817925144575627,2.8104815687220306,5.940137971044338,5.924447040554787,20.119239189474126,20.066094029350985,,,,,,,,,,,,,,
78,2001-06-01,29,13.112,140.0,10.68,139.25,10.62, Leeds Half M with Tanya,29.87, ,0.33327232576146093,0.3314869383020246,0.8853428238383192,0.8805999158534712,1.9991915878450626,1.9884816329101784,4.264494266628074,4.241648761628282,8.989480919768434,8.941322986269675,30.4473595892315,30.284248734289193,51.158970502778736,50.884904589371004,64.77308507671334,64.42608640665954,99.49483732621111,98.96182926910642,132.89379313007007,132.18186209544473,140.0,139.25,,,,
79,2003-07-26,32,5.0,32.62,6.52,32.27,6.45, Trent Toll Bridge (Notts AC),32.02, Vicky Hards did it in 31m21s (5th woman),0.21250121258300866,0.21022115665400648,0.5645125894790501,0.5584555874460132,1.2747252134787155,1.2610479043212188,2.7191282703754176,2.6899530743413473,5.731875851311725,5.670375037456449,19.413855674573934,19.20555250209997,32.62,32.27,,,,,,,,,,,,
80,2004-03-28,32,6.215,40.4,6.5,39.83,6.41, Desford 10k,32.69, ,0.20786723289182274,0.20493445262577473,0.5522023544301897,0.5444113806176846,1.2469274862125919,1.2293346974219685,2.659832678460962,2.622305336215349,5.606881758503892,5.5277747633962875,18.99050085306463,18.722565568751588,31.908660917793878,31.458464464250746,40.4,39.83,,,,,,,,,,
81,2004-04-11,32,3.0,17.93,5.98,17.7,5.9, Livingstone Relays,32.73, ,0.20392981006928057,0.2013138671626473,0.5417425329241881,0.5347932422062537,1.2233081755883741,1.2076159904023547,2.6094501061496924,2.5759769592219497,5.5006761584576465,5.4301153376854625,18.63078263086038,18.391793227341257,,,,,,,,,,,,,,
82,2004-05-01,32,4.0,30.1,7.53,29.6,7.4, Barrow Bruiser,32.79, ,0.2501392200554323,0.24598408350966103,0.6644985086313469,0.653460327424846,1.500503299763551,1.4755779957807678,3.200737617046278,3.147569218092021,6.747100110506965,6.635022035581601,22.852418852949857,22.472810566356006,,,,,,,,,,,,,,
83,2004-09-05,33,6.215,40.27,6.48,39.62,6.37, Crossdale 10k,33.13, Around 4 min/km pace throughout; finished 10th (beat all women),0.20719835318202234,0.20385395463302022,0.5504254656659342,0.5415410218446564,1.2429150957866604,1.2228531436570023,2.651273810931261,2.608479473282755,5.5888398122512815,5.498630080988223,18.92939280576517,18.62385256926784,31.805984533652467,31.292602612945384,40.27,39.62,,,,,,,,,,
84,2004-09-12,33,13.112,92.95,7.09,91.3,6.96, Robin Hood Half Marathon,33.15, First 5 miles = 37m40s; Second 5 miles = 35m10s; Last 5k = 20m07s,0.22126901913948424,0.21734116672872417,0.5878043962555126,0.5773699986888468,1.3273204149299898,1.3037585140732444,2.831319586307711,2.781059475308166,5.968373224946257,5.8624257712489865,20.214871955850487,19.856028074977402,33.96590220166632,33.36295719216928,43.00470184200361,42.241304767885204,66.05746521050945,64.8848474848791,88.23198622457153,86.6657379483957,92.95,91.3,,,,
85,2004-12-12,33,12.6,90.0,7.14,88.27,7.01, Turkey Trot - Keyworth,33.4, Unofficial entry. Started 10 minutes late; and missed half a mile off course. ,0.22272241524563002,0.21844119548590846,0.5916653643386883,0.580292241224178,1.336038862411564,1.310357226500764,2.8499169881400928,2.795135250479177,6.007576229681834,5.8920972643779495,20.3476524793107,19.95652538165284,34.18900578025863,33.531817113593654,43.28717639016314,42.4551006662189,66.49136085072239,65.21324913659183,88.81153425942526,87.10437921199409,93.56053810692354,91.76209665220156,,,,
86,2005-01-23,33,6.215,38.75,6.23,38.07,6.12, LRRL Beaumont Markfield,33.51, ,0.19937760580589436,0.19587885040078445,0.5296495354992538,0.5203550404246862,1.1960009923449986,1.1750131039632024,2.551200898276294,2.5064314373517034,5.377887825297669,5.283514567976316,18.214898714263725,17.89525662069729,30.60546065753745,30.068384186643886,38.75,38.07,,,,,,,,,,
87,2005-01-30,33,6.0,37.58,6.26,36.92,6.15, LRRL Barrow ,33.53, ,0.20085111118351767,0.19732365686257247,0.5335639241571939,0.5241931899915806,1.2048400687635352,1.1836800249800352,2.570055614821879,2.52491892760042,5.4176332450442874,5.322485880974857,18.34951639662501,18.027252404560816,30.831651109976853,30.29016921182399,39.03638288213016,38.35080510932001,,,,,,,,,,
88,2005-07-28,34,6.215,41.13,6.62,40.25,6.48, Holme Pierrepont,34.03, behind Vicky,0.21162324972377897,0.20709544861128382,0.5621802682602403,0.550152098163741,1.269458601681285,1.2422978049519018,2.7078940115123604,2.6499570620805377,5.708194225922403,5.586064128212418,19.333646041746245,18.919991567719094,32.48522830566491,31.790188166861476,41.13,40.25,,,,,,,,,,
89,2005-07-30,34,3.108,19.35,6.23,18.95,6.1, Wollaton Park,34.03, beat David & Vicky,0.2117651398255673,0.20738756587568474,0.5625572013977426,0.5509281119631638,1.2703097539551667,1.2440501207984704,2.7097096123852653,2.6536949433953887,5.7120214814853005,5.593943518043743,19.346608951107026,18.946679050308944,,,,,,,,,,,,,,
90,2005-08-05,34,4.0,24.5,6.12,24.02,6.0, Rushcliffe Country Park,34.05, beat David & Vicky,0.20360169074279375,0.19961275965885328,0.5408708791185382,0.5302742251602973,1.2213398951563788,1.1974116033329067,2.6052515487585985,2.5542098857625115,5.491825671342879,5.3842307194145285,18.60080604309872,18.23638208796862,,,,,,,,,,,,,,
91,2005-12-11,34,13.112,105.0,8.01,102.0,7.78, Turkey Trot - Keyworth,34.4, first 9 miles in about 63 minutes; then had to walk - hardest run since Equinox in 1998!,0.2499542443210957,0.2428126944833501,0.6640071178787395,0.6450354859393469,1.499393690883797,1.4565538711442598,3.198370699971056,3.106988679971883,6.742110689826326,6.549478955831288,22.835519691923626,22.18307627215438,38.36922787708406,37.27296422345308,48.57981380753501,47.191819127319725,74.62112799465834,72.48909576623953,99.67034484755256,96.82262070905107,105.0,102.0,,,,
92,2005-12-26,34,6.0,42.5,7.08,41.42,6.9, Barrow Boxing Day Handicap,34.44, Ellen ran about 52 minutes,0.22714667975783667,0.22137448177810812,0.6034184879372204,0.5880845593025804,1.3625785769678087,1.3279530507766268,2.9065291013818486,2.8326690677467337,6.126913595380048,5.97121790872098,20.75184797383084,20.224506895907613,34.86815253257095,33.98209124468444,44.14705355216956,43.02519901484384,,,,,,,,,,
93,2006-09-30,35,6.4,47.83,7.47,46.28,7.23, Two way street station cookie challenge,35.2, First run back in Alaska (and since doing in ankle twice in previous few months),0.23843793284998416,0.23071100841098197,0.6334138674648625,0.6128871793074188,1.4303111081537543,1.3839598177996186,3.051009996891228,2.952137626095046,6.431476850070408,6.223055584805739,21.783403301217078,21.077480760617323,36.601416410874585,35.41529482532461,46.34156308874551,44.83979802941966,,,,,,,,,,
94,2007-04-07,35,6.215,43.18,6.95,41.72,6.71, Spring Fling 10k,35.72, Patty Center to Goldhill out and back (Ellen did 47.33). We did first mile in 7.36; I was at 2 mile in 14.50; 5k in 22.55; then 4m in 27.55; 5m in 34.55. Just beat Steve Bainbridge.,0.22217096822447788,0.21465893456056548,0.5902004372350393,0.5702446095749385,1.3327309122440525,1.287668681306667,2.842860768711493,2.7467381026086963,5.992701839905892,5.7900769050688705,20.29727294146858,19.610982564105356,34.10435590174108,32.95122112599903,43.18,41.72,,,,,,,,,,
95,2007-04-14,35,3.108,19.48,6.27,18.88,6.08, Beet Beethoven,35.74, 9th out of about 500 runners,0.21318785135927912,0.2066214904344553,0.5663366554639807,0.5488930213121126,1.2788441347310928,1.2394546849960486,2.7279143798069754,2.6438923763221602,5.750396819603806,5.573279874441471,19.4765861688664,18.87669131766928,,,,,,,,,,,,,,
96,2007-05-01,35,1.865,10.77,5.77,10.45,5.6, Track time trial 3000m,35.79, 1st having taken on the lead after 3.5 laps,0.20495575696923876,0.19886607802493453,0.5444679759187175,0.5282906544429525,1.2294624952045794,1.1929325046321126,2.622577942860227,2.5446554784484094,5.52834941353755,5.364090192336806,,,,,,,,,,,,,,,,
97,2007-05-05,35,3.108,18.48,5.95,17.93,5.77, Chena River Run,35.8, 9th out of 980 runners,0.2022439164845728,0.1962247523034843,0.5372639318775341,0.5212739339049883,1.2131950518393528,1.177088056248896,2.5878777073322845,2.5108575374712045,5.455201910999914,5.292844711267774,18.476761416871206,17.926857803273847,,,,,,,,,,,,,,
98,2007-06-23,35,6.215,38.4,6.18,37.18,5.98, Midnight Sun Run,35.93, ,0.19757677581797015,0.19129959700292004,0.5248656042108735,0.5081901865770905,1.185198402736721,1.1475436618164399,2.5281577933886368,2.447836113494519,5.329313354617561,5.1599966282468985,18.05037704845747,17.476901527647104,30.329024238695172,29.36544586444496,38.4,37.18,,,,,,,,,,
99,2007-06-28,35,1.0,5.16,5.16,5.02,5.02, Flint Hills Mile,35.94, 6th ?,0.19129972200591056,0.18610941947086646,0.508190518649369,0.49440240380229306,1.147544411668461,1.1164094857704794,2.4478377130108755,2.3814235114950764,5.16,5.02,,,,,,,,,,,,,,,,
100,2007-06-30,35,7.5,54.28,7.24,52.27,6.97, Spruce Tree Classic,35.95, Through the first mile in over 10 minutes due to blistering. Gradually sped up thereafter. Over the bicycle bumps both ways (officially 52:17).,0.2283622667723394,0.2199059632312119,0.606647712678825,0.5841834182336438,1.3698704855537829,1.3191438887232172,2.9220835397592038,2.8138781618130726,6.1597020852380755,5.931607000652067,20.862902544167582,20.09034480441488,35.05475122502589,33.756666295727776,44.383308755564066,42.739785347334816,,,,,,,,,,
101,2007-07-07,35,13.112,86.59,6.6,83.63,6.38, Santa Claus Half,35.97, ,0.20612893348346362,0.1990826043102213,0.5475845365440005,0.5288658596971332,1.2364999970821713,1.1942313749391613,2.6375897039094642,2.5474261108436136,5.559993948876777,5.369930638001673,18.831691905939685,18.187947731767363,31.641823255968653,30.560176451052758,40.062153119947205,38.692665035468124,61.53755688626158,59.43395175422168,82.19481105094835,79.38505656762686,86.59,83.63,,,,
102,2007-07-10,35,0.746,4.03,5.41,3.92,5.25, Training for Flint Hills mile?,35.98, ,0.2041330086269962,0.19856113990516752,0.5422823328745043,0.5274805818531159,1.2245270972204634,1.1911032806710213,2.6120501992788943,2.5407535437154505,,,,,,,,,,,,,,,,,,
103,2007-07-30,36,7.1,52.48,7.39,50.47,7.11, UAF campus and trail run,36.03, ,0.23405919675230943,0.22509465815718477,0.6217816907676205,0.597967262443632,1.4040445036528741,1.3502691711006203,2.9949804572618963,2.880271792644968,6.313367539575417,6.071563638002502,21.38336722799186,20.564377743840495,35.92925849812689,34.5531569436064,45.49053459384982,43.74823324983995,,,,,,,,,,
104,2007-08-04,36,4.972,30.77,6.19,29.77,5.99, GCI 8k,36.05, ,0.20167932400557517,0.19512490983574826,0.5357640836722216,0.51835218625031,1.2098082463733013,1.1704904613107958,2.5806532809291456,2.4967841460273212,5.4399729438008,5.263178242994795,18.425180925781405,17.82637751577876,30.95878592453685,29.952650535374136,,,,,,,,,,,,
105,2007-08-05,36,5.0,30.58,6.12,29.6,5.92, Morning run near Pioneer Park,36.05, ,0.1992117437396813,0.1928275871384751,0.5292089204864915,0.5122493147939879,1.1950060401035902,1.156709574462599,2.549078556348261,2.4673880074528625,5.373413964840973,5.201211686046201,18.19974575501137,17.61649687208426,30.58,29.6,,,,,,,,,,,,
106,2007-08-26,36,5.25,31.92,6.08,30.88,5.88, Yankovitch loop run SUPER FAST  HILLY,36.11, ,0.19718715591944844,0.19076251174162176,0.5238305732331507,0.5067634116992384,1.1828612005048766,1.1443218631450685,2.5231722854572065,2.4409636646277733,5.3188039892338,5.14550962366979,18.01478184226594,17.42783406294399,30.269215633674563,29.283000587965862,,,,,,,,,,,,
107,2007-09-15,36,8.7,74.11,8.52,70.75,8.13, Equinox Leg 2,36.16, ,0.26668982761442345,0.2545986412592155,0.7084654404761616,0.6763450264969428,1.5997849767826702,1.5272539078042626,3.412516290487788,3.25779958915141,7.193525929158995,6.867385770989055,24.36446249058912,23.259826220606936,40.93822369782603,39.08216605884755,51.832455196196314,49.482474769004035,79.61735482964822,76.00766231544476,,,,,,,,
108,2007-10-20,36,6.5,49.98,7.69,47.9,7.37, Two Way Street Cookie Challenge,36.26, 4th. Had to run through snow that was deep and slippy,0.24503337987254223,0.23483591228280856,0.6509347692621723,0.6238450469719499,1.4698750358679726,1.408703765867865,3.135404180984627,3.004919173052494,6.609378345585117,6.3343181823434795,22.385955423385436,21.45432702641381,37.613850548358876,36.04848822061605,47.62342005102111,45.64149300608065,,,,,,,,,,
109,2008-04-05,36,3.108,19.92,6.41,19.15,6.16, Spring Fling 5k,36.72, ,0.2180031827041499,0.209576352850626,0.5791286538420172,0.5567426566804532,1.3077297312034584,1.2571799373768184,2.7895305156958394,2.681702277890327,5.880282579389519,5.652982499764521,19.916509059744286,19.146644000707983,,,,,,,,,,,,,,
110,2008-06-01,36,5.0,32.15,6.43,30.88,6.18, Fairbanks run for women,36.87, Ran with Ellen; who finished 3rd,0.20943942319263423,0.20116607739311185,0.5563789010346861,0.5344006365148091,1.2563585411815053,1.2067294479528736,2.679950149986808,2.574085867234608,5.6492890441346395,5.426128948145496,19.134134271537462,18.378291331417632,32.15,30.880000000000003,,,,,,,,,,,,
111,2008-06-28,36,7.2,50.65,7.03,48.45,6.73, Spruce Tree Classic,36.94, ,0.22255129094618506,0.21288469982907535,0.5912107701261272,0.5655313289755353,1.3350123437555532,1.2770256279359637,2.847727311597954,2.7240353059609257,6.002960429011153,5.742219798333472,20.33201876874757,19.448890608999402,34.162737343575174,32.67886721216618,43.25391755662118,41.375168916452054,,,,,,,,,,
112,2008-08-17,37,6.215,39.63,6.38,38.02,6.12, Run Lu Lu Run,37.08, 3rd place; behind Simon McLaughlin (2nd) by 19 secs,0.20390540691838951,0.19562158897393817,0.541677705595753,0.5196716216692033,1.2231617890743818,1.1734698768763057,2.609137847708117,2.5031395652248953,5.500017923007655,5.2765753578791585,18.628553188290876,17.87175352558211,31.30050079634088,30.028893269666423,39.63,38.02,,,,,,,,,,
113,2008-09-18,37,26.224,243.47,9.28,229.12,8.74, Equinox Marathon,37.17, ,0.2748351663974328,0.25863651918092495,0.730103652478291,0.6870717084479651,1.648646197821454,1.551475815685101,3.516742617892928,3.3094675673045044,7.413233243313008,6.976300984547897,25.108610863352315,23.628721900075092,42.18857397993548,39.70200053510829,53.41554110278954,50.2672558322222,82.0490573579957,77.21312696374902,109.59172101865644,103.13243980693542,115.45190020722085,108.64722296577993,142.27283999475537,133.88734997986754,243.1273774055861,228.7975714098981
114,2009-03-15,37,7.2,53.32,7.41,50.57,7.02, St Patricks,37.65, 2nd; 7 secs behind Ed Debevec,0.23428301743831367,0.22219977854192652,0.6223762737043455,0.5902769722661056,1.4053871306820551,1.3329037359075682,2.997844427530166,2.84322942048388,6.319404739879065,5.993478951531963,21.403815217169207,20.299905017483997,35.96361609396699,34.10877842970575,45.53403522446281,43.18559942425139,,,,,,,,,,
115,2009-04-11,37,3.108,20.16,6.49,19.22,6.18, Beat Beethoven,37.73, ,0.22062972707407938,0.21034242829185545,0.5861061075027644,0.5587777473315044,1.3234855110974757,1.2617753731792403,2.8231393170897645,2.6915048449635552,5.951129357454452,5.673646143366794,20.15646700022313,19.216631733347647,,,,,,,,,,,,,,
116,2009-06-09,37,4.0,37.73,9.43,35.2,8.8, Masochism on Moose Mtn,37.89, Steep 1.25 miles; 2.75 miles down. I descended in 16:12; a pace of 5:53,0.3135466037439023,0.2925216128222996,0.8329411538425486,0.7770879569376549,1.8808634385408232,1.7547414003879402,4.0120873850882415,3.7430552863797013,8.457411533868033,7.890296474745688,28.645241306372025,26.724423376207145,,,,,,,,,,,,,,
117,2009-06-19,37,6.215,37.78,6.08,36.08,5.81, Midnight Sun Run,37.92, 22nd; right behind women's winner Crystal Pitney,0.19438673412507584,0.1856398456123011,0.5163912116428854,0.49315497395646646,1.1660623868592013,1.1135926659047108,2.4873385790162166,2.37541492670474,5.243267149412798,5.007334006109416,17.758938669029252,16.959833435113165,29.839336868174577,28.49664569094067,37.78,36.08,,,,,,,,,,
118,2009-06-27,37,7.2,52.6,7.31,49.8,6.92, Spruce Tree Classic,37.94, 5th;,0.23111940579998685,0.21881647165093812,0.6139720929641518,0.5812891678633985,1.3864096600501894,1.3126083853707118,2.957363407503502,2.79993721851092,6.2340714425663695,5.9022197307947755,21.11479145579708,19.99081016157214,35.47798586914223,33.589423883712605,44.919172033134735,42.5280374001922,,,,,,,,,,
119,2009-07-02,37,1.0,5.25,5.25,5.05,5.05, Flint Hills Mile,37.96, 8th; just behind Brando,0.19463634506415314,0.18722162715694735,0.5170543067653464,0.4973569998409522,1.167559721174306,1.1230812556057612,2.49053255684246,2.3956551261056047,5.25,5.05,,,,,,,,,,,,,,,,
120,2009-07-12,37,6.75,63.58,9.42,59.25,8.78, Ester Dome Ass Kicker,37.98, Passed Kristen Rozzell and Sam Herreid on the road back,0.2993272699250968,0.2789421318506131,0.7951672848977519,0.7410138664704592,1.7955663095626924,1.6732825391882593,3.830139281815578,3.569294627989509,8.07386804652951,7.524011981076965,27.34618003894963,25.4838182967563,45.948234488979935,42.819013738157615,58.17569963644629,54.213749661205455,,,,,,,,,,
121,2009-07-18,38,8.5,88.72,10.44,82.05,9.65, Chena Hot Springs Run & Soak,38.0, Right behind Kristen,0.32711361464056876,0.30252110100607155,0.868982117372467,0.8036517440307813,1.9622474958424518,1.814725056738877,4.185688478584151,3.8710069845336967,8.82335966747084,8.160016464337042,29.884707134739322,27.637964612323735,50.21357751267979,46.438503549542126,63.57610984486654,58.79643612230951,,,,,,,,,,
122,2009-09-19,38,1.0,5.27,5.27,5.05,5.05, Fast mile during run around Patty center,38.17, ,0.19537781685487374,0.18722162715694735,0.5190240374577858,0.4973569998409522,1.1720075677311605,1.1230812556057612,2.500020299916146,2.3956551261056047,5.27,5.05,,,,,,,,,,,,,,,,
123,2009-07-25,38,1.0,5.17,5.17,4.97,4.97, Golden Mile,38.02, 4th; half a second ahead of Maggie Callahan; first woman,0.19167045790127082,0.184255739994065,0.5091753839955887,0.48947807707119456,1.1497683349468881,1.1052898693783433,2.452581584547718,2.3577041538108627,5.17,4.97,,,,,,,,,,,,,,,,
124,2009-08-08,38,13.112,90.13,6.87,85.5,6.52, Santa Claus Half,38.06, ,0.21455596229200335,0.20353417037574936,0.5699710622324836,0.5406915102726878,1.2870509843748248,1.220934862576806,2.745420487508488,2.6043875699764314,5.787299394990921,5.49000441885858,19.601575141267393,18.594637463423524,32.935414367253195,31.24351412848273,41.69998684260124,39.55784838613565,64.05335491579577,60.76291850993607,85.55512553438011,81.1601379472928,90.13,85.5,,,,
125,2009-08-15,38,6.837,45.3,6.63,43.05,6.3, Run Lu Lu Run,38.08, 2nd; after I had moved from 4th to 1st on the ascent. The flat road at the bottom was just too long.,0.2103597071803896,0.19991137735354902,0.5588236489524466,0.531067507448186,1.2618790235754316,1.1992029131329431,2.6917259425927065,2.5580309454440617,5.674112213384571,5.392285447819112,19.218210311860876,18.26366344206646,32.29126819944076,30.687397262382436,40.88442440810526,38.85374107657685,,,,,,,,,,
126,2009-08-16,38,6.215,45.87,7.38,43.33,6.97, Run for the Refuge,38.08, Caught up to Heather Best and Kristen Rozell; who were running together; about half way,0.23601163298880962,0.22294275250501683,0.6269683662800198,0.5922506935014882,1.4157565295190988,1.3373605935047428,3.01996348913377,2.8527363850919176,6.366031343133008,6.013519470197368,21.561739458665212,20.36778222681412,36.22896723512884,34.222828652673485,45.87,43.33,,,,,,,,,,
127,2009-09-12,38,12.1,80.93,6.69,76.83,6.35, Final leg of Skagway-Whitehorse Klondike Relay,38.15, ,0.20839221162237218,0.19783484021928646,0.5535969681314556,0.5255511560798187,1.2500766617689902,1.1867464466046151,2.666550214282199,2.531459940236023,5.621042209032677,5.336274223649828,19.03846227965238,18.07395350235626,31.989247781192752,30.368638416273807,40.502032150133225,38.45015606196387,62.21323402128974,59.06144532133561,83.09730307785371,78.88750519549612,,,,,,
128,2009-09-18,38,26.224,229.19,8.74,214.2,8.17, Equinox Marathon,38.17, BEST EVER TIME; 39th,0.258715536972225,0.2417944413781168,0.6872816203700641,0.6423304816234029,1.5519498175491808,1.4504457040840983,3.3104786651122526,3.093959291710129,6.978432361419921,6.522013228396296,23.635940870627664,22.090049890869782,39.71413016166842,37.11665727400574,50.282613321346915,46.99391672163929,77.2367168681112,72.18510734826745,103.16394849577307,96.41658784325054,108.68041651329915,101.57225540882533,133.92825480920845,125.16877778320367,228.86747290255997,213.89856754539178
129,2009-10-24,38,6.8,46.05,6.77,43.65,6.42, Cache Creek Warm-up,38.27, 2nd; having been 5th at the half way. 4 minutes behind Stian Stensland though.,0.21508949846593511,0.20387962232438803,0.571388408907667,0.5416092084434238,1.2902514932328535,1.223007115735376,2.7522475228753525,2.6088079125626304,5.801690668687611,5.499322425368387,19.65031836560937,18.62619753873722,33.01731484105334,31.296542732073362,41.80368217315899,39.624988639704455,,,,,,,,,,
130,2009-12-05,38,4.351,47.7,10.96,43.73,10.05, Heart of Darkness Snowshoe,38.38, 7th;,0.36161605443501027,0.33151928847888884,0.960638354976744,0.8806858545730191,2.1692163380335323,1.98867569103158,4.627175650829554,4.242062708821307,9.754007069738458,8.942195579867143,33.03680861429353,30.287204207611232,,,,,,,,,,,,,,
131,2010-03-16,38,3.0,20.0,6.67,18.92,6.31, UAF campus lunch run,38.65, ,0.22747329622898002,0.21518973823261509,0.6042861493855973,0.571654697318775,1.3645378422625478,1.2908527987803702,2.9107084284993783,2.753530173360412,6.135723545407303,5.804394473955308,20.781687262532493,19.65947615035574,,,,,,,,,,,,,,
132,2010-03-18,38,3.0,18.5,6.17,17.57,5.86, UAF campus afternoon run,38.67, ,0.21041279901180648,0.19983529073715892,0.5589646881816775,0.5308653822352473,1.2621975040928566,1.1987464944276482,2.6924052963619247,2.557057354436704,5.6755442795017546,5.390233134640315,19.223060717842557,18.256712260134794,,,,,,,,,,,,,,
133,2010-03-24,38,4.31,32.05,7.44,30.1,6.98, West Ridge Lunch Run,38.68, ,0.24549700257816373,0.2305603674759042,0.6521663897828761,0.6124869994528729,1.4726561567153,1.3830561721413583,3.1413366158649736,2.9502100510931584,6.621883816768881,6.2189922896955805,22.428311437193475,21.063718385632566,,,,,,,,,,,,,,
134,2010-04-01,38,3.0,19.12,6.37,18.12,6.04, UAF campus run,38.71, ,0.2174644711949049,0.2060908063834559,0.5776975588126311,0.5474832513433512,1.3044981772029958,1.2362712850898683,2.7826372576454057,2.637101836220437,5.865751709409381,5.558965532139016,19.867293022981066,18.82820865985444,,,,,,,,,,,,,,
135,2010-04-03,38,6.215,39.43,6.34,37.37,6.01, Spring Fling,38.71, 5th,0.20287636121100422,0.19227719042493602,0.5389440305738213,0.5107871778479255,1.2169888807267946,1.1534079247466473,2.595970359200884,2.4603452275763895,5.472261082619021,5.1863656266161,18.534540807830158,17.566213289084782,31.142537128431005,29.515511348959336,39.43,37.37,,,,,,,,,,
136,2010-04-10,38,3.108,18.47,5.94,17.55,5.65, Beet Beethoven,38.73, ,0.2021344771358257,0.19206605705109592,0.5369732046416694,0.5102262989421387,1.2125385610104353,1.152141404750035,2.586477340607537,2.457643601930822,5.452249961913875,5.180670645998296,18.46676316935125,17.546924397515674,,,,,,,,,,,,,,
137,2010-05-09,38,11.0,83.88,7.63,78.58,7.14, Murphy Dome Roam,38.81, ,0.2374378507871321,0.22243522073024366,0.6307571347896471,0.5909024278942593,1.4243119432286726,1.3343160765249056,3.0382131221028823,2.846242097458804,6.404501257057485,5.999829623027863,21.692037004550155,20.321414733161077,36.447898807404485,34.14491998433291,46.147192312855836,43.23135874993099,70.88449449012941,66.40562204380507,,,,,,,,
138,2010-06-19,38,6.215,41.27,6.64,38.92,6.26, Midnight Sun Run,38.92, Started with a crooked left ankle; sort of hobbling. Kept up with lead women for 2-3 miles; then slowed.,0.21234358171894865,0.20025229465717181,0.5640938407755923,0.5319731592678957,1.2737796375245958,1.2012479644404475,2.717111253467423,2.5623932635074413,5.727624014194447,5.401481139628007,19.399454708068745,18.294809237655333,32.59580287320182,30.739729775260837,41.27,38.92,,,,,,,,,,
139,2010-07-01,38,1.0,5.23,5.23,5.0,5.0, Flint Hills Mile,38.95, A distant 5th; with a pack behind me,0.1938948732734326,0.1853679476801459,0.515084576072907,0.4924326731098537,1.1631118746174518,1.1119616392136251,2.481044813768775,2.371935768421391,5.23,5.0,,,,,,,,,,,,,,,,
140,2010-07-17,38,4.972,29.5,5.93,27.98,5.63, Valkyeries,39.0, 7th.,0.19335521800989497,0.183392508471758,0.5136509739463938,0.4871848898650881,1.159874659343919,1.1001116260489103,2.4741394796038283,2.346658394553055,5.215443673777173,4.946715728552045,17.664700595078045,16.754519411874025,29.6809939803002,28.151668188772867,,,,,,,,,,,,
141,2010-07-24,39,1.0,5.25,5.25,5.0,5.0, Golden Mile,39.02, 1st place ,0.19463634506415314,0.1853679476801459,0.5170543067653464,0.4924326731098537,1.167559721174306,1.1119616392136251,2.49053255684246,2.371935768421391,5.25,5.0,,,,,,,,,,,,,,,,
142,2010-07-25,39,16.3,117.04,7.18,109.83,6.74, Gold Discovery.,39.02, 5th. Met Sarah Palin after the race at Governor's Picnic. She served me a burger.,0.22609169730737996,0.21216379968617172,0.6006159115767226,0.5636162471673909,1.35625008258875,1.272701183960376,2.8930297308562984,2.7148107940870405,6.098457153377543,5.722774685196988,20.655466043660095,19.38303003738199,34.70620744474961,32.56820543110773,43.94201262096791,41.23505849419775,67.49722345834817,63.339200721380536,90.15505017328945,84.60124026428895,94.9758956154333,89.12510778744905,117.04,109.83,,
143,2010-08-07,39,13.112,89.02,6.79,83.78,6.39, Santa Claus Half,39.05, 9th.,0.21191358885203754,0.19943968180210855,0.5629515584149084,0.5298144412941027,1.2712002510711962,1.1963733659261382,2.7116091401087945,2.551995211843572,5.716025653412758,5.3795622247014245,19.360171075952774,18.220569902755823,32.52979681540974,30.614989633734307,41.18642881092159,38.76206476947888,63.264502991280814,59.54055336564262,84.50146760313457,79.52744277455194,89.02,83.78,,,,
144,2010-08-28,39,3.108,21.12,6.8,19.87,6.39, Birch Hill 5k,39.11, 9th. Slipping ans sliding in the mud. Needed spikes.,0.23113590455379748,0.21745598596041457,0.6140159221457532,0.5776750176626948,1.3865086306735461,1.3044472770588713,2.957574522665468,2.7825286820721047,6.234516469714189,5.865522833959323,21.11629876213852,19.866517822144523,,,,,,,,,,,,,,
145,2010-09-18,39,26.224,239.78,9.14,220.9,8.42, Equinox Marathon,39.17, ,0.27066979997033075,0.24935757283112045,0.7190382954419214,0.6624220513100361,1.623659528129249,1.4958144539317337,3.4634433191701905,3.1907357961660487,7.300879233916265,6.726016443290112,24.72806798708103,22.78100850090166,41.54916937983705,38.277635816189864,52.60598203321508,48.46384782357666,80.80553239947513,74.44299819436173,107.93076299278532,99.43241948914121,113.70212605942176,104.74935209995107,140.11657113378422,129.08395430583423,239.44257014955204,220.58913898588725
146,2011-05-15,39,11.0,76.8,6.98,71.67,6.52, Murphy Dome Roam,39.82, ,0.21739660157906227,0.20287518795796086,0.5775172621822233,0.5389409138098952,1.3040910495942066,1.2169818427658436,2.7817688099368305,2.5959553464605816,5.863921036504707,5.472229436019433,19.861092536354935,18.534433620840602,33.37146671922584,31.14235702821506,42.252078798609055,39.42977197260822,64.9013969580584,60.5661864581256,,,,,,,,
147,2011-05-28,39,6.7,59.9,8.94,54.85,8.19, Annihilator,39.86, MAJOR RIGHT ANKLE SPRAIN Less than 1 mile from finish (I had caught David Fee who finished 4 minutes ahead of me),0.28426042396223816,0.26029522962151525,0.7551419875058472,0.6914780970733843,1.7051852326596446,1.5614258766507763,3.6373465616940535,3.330692135374271,7.667464292498188,7.021042010743333,25.9696910794821,23.780259694650972,43.63539820285069,39.95662089192588,55.247385402253045,50.589634212246736,,,,,,,,,,
148,2011-07-23,40,1.0,5.57,5.57,5.27,5.27, Golden Mile,40.01, 1st place again; Defended my title,0.20649989371568253,0.19537781685487374,0.5485699978443771,0.5190240374577858,1.2387252660839783,1.1720075677311605,2.64233644602143,2.500020299916146,5.57,5.27,,,,,,,,,,,,,,,,
149,2012-05-09,40,3.108,21.95,7.06,20.27,6.52, Chena River Run,40.81, Ran with Steve McNutt to about the half-way point; then things loosened up and  I sped up. Steve finished in 26:08,0.24021937049980369,0.2218335599102971,0.6381462827225038,0.5893041070972735,1.4409973694736902,1.330706910215567,3.073804960819461,2.838543351061981,6.479528243855417,5.9836007974008805,21.94615330629453,20.2664477229426,,,,,,,,,,,,,,
150,2012-06-23,40,6.215,41.29,6.64,38.28,6.16, Midnight Sun Run,40.93, ,0.21244648628968715,0.19695934839353899,0.5643672082777855,0.5232253991977145,1.2743969283593544,1.1814946577281689,2.7184280023181464,2.5202573002842974,5.73039969823331,5.312659250384382,19.408855946114816,17.99396962018104,32.611599239992806,30.23424603794925,41.29,38.28,,,,,,,,,,
151,2012-06-28,40,1.0,5.62,5.62,5.27,5.27, Flint Hills Mile,40.94, ,0.20835357319248396,0.19537781685487374,0.5534943245754755,0.5190240374577858,1.2498448824761144,1.1720075677311605,2.6660558037056434,2.500020299916146,5.62,5.27,,,,,,,,,,,,,,,,
152,2012-07-14,40,5.37,34.3,6.39,31.87,5.93, Valkyries,40.99, Did an extra 0.37 miles,0.20674724831910676,0.19210014005626624,0.549227098978066,0.5103168409455092,1.2402090653800963,1.1523458575412149,2.645501552172133,2.4580797220911332,5.576671989589351,5.181589979831272,18.88818040703911,17.5500381799515,31.73673767877836,29.488333230981528,,,,,,,,,,,,
153,2012-07-21,41,1.0,5.5,5.5,5.17,5.17, Golden Mile,41.01, Christi Smitz was first woman for 2nd year in a row in around 5:43. I was 4th; after winning the two years before.,0.20390474244816045,0.19167045790127082,0.541675940420839,0.5091753839955887,1.2231578031349875,1.1497683349468881,2.60912934526353,2.452581584547718,5.5,5.17,,,,,,,,,,,,,,,,
154,2012-07-22,41,16.3,143.36,8.8,129.72,7.96, Gold Discovery Run,41.01, Had to walk the last mile,0.27693528474014006,0.25058625234717474,0.7356826476729232,0.6656860564741324,1.6612441203000956,1.5031849001487754,3.543615364111064,3.206457763898488,7.469880532366751,6.759158082161099,25.30047515395686,22.89325918646264,42.5109526595976,38.46624427317941,53.82370923908031,48.70264761783969,82.67602490591928,74.80980713445766,110.42915236536889,99.92236080382013,116.33411137584173,105.26549196201304,143.36,129.72,,
155,2012-08-04,41,13.112,107.82,8.22,98.13,7.48, Santa Claus Half,41.05, Had to walk/jog/stretch first 6 miles due to pulled right calf,0.25666730116857656,0.23360009519265829,0.6818404519017685,0.6205620807375304,1.5396631214389618,1.401290503680257,3.2842697987702785,2.9891058741729495,6.923184519781661,6.3009840189776885,23.44881650650672,21.34142426065205,39.39971571149717,35.85878411026913,49.884528806937375,45.401305989842,76.62523828937202,69.73877419157925,102.34720553774397,93.14905657038412,107.82,98.13,,,,
156,2012-08-25,41,3.108,20.4,6.57,18.9,6.08, Birch Hill 5k,41.1, ,0.2232562714440089,0.2068403691319494,0.5930835611635115,0.5494744757838415,1.3392412909914932,1.2407676666538834,2.85674811848369,2.646693109771654,6.0219761355193855,5.579183772613548,20.396424940701976,18.89668781270918,,,,,,,,,,,,,,
157,2012-09-15,41,26.224,261.7,9.98,233.37,8.9, Equinox Marathon,41.16, My slowest but funnest Equinox so far. ,0.2954136569031427,0.26343402793842724,0.7847707144763985,0.6998163608611278,1.7720898261382283,1.5802545002899442,3.780061375539406,3.370855648489229,7.968304677270358,7.105706008920839,26.98863705154352,24.067016540766954,45.34747529695286,40.438442147687766,57.415070056269855,51.199674814794406,88.19254245117457,78.64537115716702,117.79748384023654,105.04546734350784,124.09644836829874,110.66254549373282,152.9256262645397,136.37085747556603,261.33172328024756,233.04159060722728
158,2012-09-22,41,3.108,19.92,6.41,18.47,5.94, Troth Yeddha 5k at UAF,41.18, 2nd. Anna Worden was 4th (1st woman). Bruce Sackinger; Dave ? And Dave Leonard also in top 10.,0.2180031827041499,0.2021344771358257,0.5791286538420172,0.5369732046416694,1.3077297312034584,1.2125385610104353,2.7895305156958394,2.586477340607537,5.880282579389519,5.452249961913875,19.916509059744286,18.46676316935125,,,,,,,,,,,,,,
159,2012-10-27,41,10.0,68.85,6.88,63.47,6.35, Halloween Run,41.27, 3rd behind Ted Alder and Patrik Sartz,0.21460908991790165,0.1978393454914919,0.5701121965502796,0.5255631244015431,1.2873696796116265,1.1867734722578058,2.7461002992976162,2.531517588909509,5.788732426606234,5.336395746066779,19.60642881738992,18.074365098616386,32.943569723807336,30.36932999811259,41.710312453119215,38.45103168336204,64.06921559214865,59.06279032147676,,,,,,,,
160,2013-04-13,41,3.108,19.86,6.39,18.33,5.9, Beat Beethoven,41.74, ,0.2173465466116675,0.2006023262533668,0.5773842904268304,0.5329030233395669,1.3037907862299538,1.2033476894055917,2.7811283153473574,2.5668722064610803,5.862570884873285,5.4109226747093295,19.85651957462457,18.326787704071922,,,,,,,,,,,,,,
161,2013-06-22,41,6.215,41.17,6.62,37.83,6.09, Midnight Sun Run,41.93, ,0.21182905886525602,0.19464399555192213,0.5627270032646265,0.5170746303983682,1.2706931833508022,1.1676056139460977,2.710527509213807,2.490630451143024,5.713745594000129,5.250206359509956,19.352448517838386,17.78244176414443,32.516821039246885,29.87882778515204,41.17,37.83,,,,,,,,,,
162,2013-06-27,41,1.0,5.46,5.46,5.08,5.08, Flint Hills Mile,41.94, ,0.2024217988667193,0.1883338348430282,0.5377364790359602,0.5003115958796114,1.2142621100212785,1.129753025441043,2.590153859116159,2.4098867407161335,5.46,5.08,,,,,,,,,,,,,,,,
163,2013-07-20,42,1.0,5.35,5.35,4.98,4.98, Golden Mile,42.01, ,0.19834370401775608,0.1846264758894253,0.5269029602275435,0.4904629424174143,1.1897989539585787,1.1075137926567704,2.5379712722108883,2.3624480253477054,5.35,4.98,,,,,,,,,,,,,,,,
164,2013-07-27,42,3.108,21.0,6.76,19.25,6.19, Chena Lakes Triathlon Sprint Triathlon,42.02, From memory. Do not have exact results. I do remember that Elena; Serge and their kids were there.,0.2298226323688327,0.21067074633809663,0.6105271953153796,0.5596499290390978,1.3786307407265372,1.2637448456659923,2.940770121968505,2.6957059451377963,6.199093080681721,5.68250199062491,20.996319791899094,19.2466264759075,,,,,,,,,,,,,,
165,2013-07-14,41,13.112,138.95,10.6,121.68,9.28, Sourdough Triathlon,41.99, ,0.33077278331824994,0.28966126141896126,0.8787027526595318,0.7694893914617622,1.9841976509362245,1.7375830886356232,4.232510559628364,3.7064547311664584,8.92205981287017,7.813143130838737,30.219004392312264,26.463105105840643,50.7752782240079,44.46445379127227,64.28728693863799,56.29706422953201,98.74862604626453,86.47522718466693,131.89708968159454,115.50369105762093,138.95,121.68000000000002,,,,
166,2014-04-06,42,3.108,19.83,6.38,18.15,5.84, Donate Life USF 5k,42.72, ,0.21701822856542627,0.19863241797591968,0.5765121087192369,0.5276699330940066,1.3018213137432015,1.1915308544850785,2.7769272151731164,2.5416656054156364,5.853715037615167,5.35778759116063,19.826524832064713,18.146819248712788,,,,,,,,,,,,,,
167,2014-05-18,42,11.0,88.05,8.0,78.8,7.16, Murphy Dome Roam,42.83, ,0.24924180688849523,0.22305797141185035,0.6621145173846976,0.5925567742182187,1.495120011937108,1.3380517540107224,3.1892544754549212,2.8542107060289355,6.722893844586452,6.016627313497017,22.770432263360053,20.378308487822512,38.25986516442495,34.24051533170569,48.44134815387406,43.35239335065617,74.4084375280865,66.59153750384118,,,,,,,,
168,2014-05-26,42,1.0,5.43,5.43,5.03,5.03, Flint Hills Mile,42.86, ,0.2013095911806384,0.18648015536622675,0.5347818829973011,0.4953872691485128,1.2075903401859966,1.1186334090489067,2.5759222445056307,2.386167383031919,5.43,5.03,,,,,,,,,,,,,,,,
169,2014-06-21,42,6.215,40.81,6.57,37.18,5.98, Midnight Sun Run,42.92, ,0.20997677659196254,0.19129959700292004,0.5578063882251496,0.5081901865770905,1.2595819483251456,1.1475436618164399,2.6868260299007884,2.447836113494519,5.66378328130059,5.1599966282468985,19.183226233009098,17.476901527647104,32.232486437009115,29.36544586444496,40.81,37.18,,,,,,,,,,
170,2014-07-12,42,6.215,44.98,7.24,40.6,6.53, North Pole Triathlon,42.98, ,0.23143237959094523,0.20889627859920804,0.614803512432424,0.5549360294521214,1.3882870873723363,1.253100394560179,2.9613681652765855,2.6730001669681944,6.24251340340359,5.634638598892526,21.143384365615027,19.08451323352535,35.52602891292992,32.06662458570376,44.98,40.6,,,,,,,,,,
171,2014-09-06,43,4.0,41.0,10.25,35.5,8.88, Mud Titan  Plant City,43.14, ,0.3407211967532467,0.29501469474976233,0.9051308589330638,0.7837108656615551,2.043874926588226,1.7696965827776097,4.359808714249083,3.7749563257522545,9.19040214387992,7.957543319700905,31.12787950069582,26.95218834816345,,,,,,,,,,,,,,
172,2014-12-18,43,3.108,18.93,6.09,17.3,5.57, AGU Run,43.42, ,0.20716868717819062,0.18933007333241933,0.550346657491435,0.5029581180455269,1.2427371391406357,1.1357291340270999,2.650894209945895,2.4226344338121493,5.588039619871665,5.106871918847323,18.92668255526904,17.296968209516873,,,,,,,,,,,,,,
173,2015-11-29,44,26.224,267.83,10.21,228.12,8.7, Spacecoast Marathon,44.36, Signed up less than 24 hours before; without training. Took first 10k very slow.,0.302333357769846,0.2575076935909244,0.8031530013687955,0.6840729667036913,1.813598846521214,1.5447043604839614,3.868604654989374,3.2950233129080986,8.154952394777684,6.945852743518969,27.62081261564731,23.525593749324067,46.40968402286161,39.528720155677824,58.75994731819165,50.047863130440504,90.25834407603395,76.87612833000361,120.55674473416336,102.68231568068308,127.00325474391077,108.17302942979101,156.50772060539418,133.3029952749973,267.4530968519247,227.7989786575853
174,2016-04-16,44,3.107,26.38,8.49,22.95,7.39, Escape from Fort de Soto,44.75, ,0.28880222515459086,0.25125136722129876,0.7672073490199258,0.6674529438971681,1.7324300112852635,1.507174706557877,3.69546265369389,3.21496845725075,7.78997201967521,6.777098478072253,26.38462458399799,22.954023282894383,,,,,,,,,,,,,,
175,2016-05-07,44,3.108,19.88,6.4,17.85,5.74, Chena River Run,44.8, Max 19:08; Dave L 20:08; Greg Finstad 20:54; Manx Quayle 20:42; Becca Rolph 20:56,0.21756542530916162,0.1953492375135078,0.5779657448985592,0.5189481160180727,1.3051037678877886,1.1718361296175568,2.783929048796851,2.4996546036732292,5.868474783045362,5.269229118579463,19.876516069664476,17.84687182311423,,,,,,,,,,,,,,
176,2016-05-31,44,4.53,48.52,10.71,40.73,8.99, Masochism on Moose Mtn,44.87, Drew 36:36; Simon M 36:50; Joel H 39:53; Ted 41:57; Tom M 43:38; Mike Hayes 44:19; Melissa 39:53; Ellen 50:14; Erin 51:48,0.3519978684480964,0.2954837836333669,0.9350875027648163,0.784957007164282,2.111519988744902,1.772510493437342,4.504103028754373,3.780958704887996,9.494572089007319,7.970196232177823,32.15810268912985,26.995043745429896,,,,,,,,,,,,,,
177,2016-06-18,44,6.215,41.13,6.62,36.77,5.92, Midnight Sun Run,44.92, Dave L 41:57; Dave Maxwell 42:24; Krista Herringa 42:36; Beth Zirbes 44:29; Ed D 45:28,0.21162324972377897,0.1891900533027803,0.5621802682602403,0.5025861527821307,1.269458601681285,1.1348891997038864,2.7078940115123604,2.4208427620546926,5.708194225922403,5.103095105450201,19.333646041746245,17.284176147702638,32.48522830566491,29.04162034522973,41.13,36.77,,,,,,,,,,
178,2016-05-13,44,3.108,22.0,7.08,19.55,6.29, West Ridge Lunch Run 5k,44.82, Max 20:18; Dave Fee 20:46; Tom Moran 21:28; Dave L 21:59; Krista Herringa 22:58; Taryn 23:17; Ned 25:46,0.240766567243539,0.21395392680050856,0.6395999189018262,0.5683717461150319,1.4442798236182772,1.2834395705335147,3.0808067944431956,2.737716946880204,6.4942879892856125,5.771060463206078,21.99614454389429,19.546573901506065,,,,,,,,,,,,,,
179,2016-06-26,44,6.215,42.8,6.89,38.08,6.13, Prestwold Air Ambulance 10k,44.94, Emily Ault 39:52; Dave Goddard 40:17; Lloyd Bowler 43:15; Monique 46:16; Dawn Storer 46:34,0.22021578138044587,0.19593030268615372,0.5850064546933693,0.5204917241757828,1.3210023863836369,1.1753217493805816,2.817842540547751,2.507089811777065,5.939963843167489,5.284902409995747,20.118649418593222,17.899957239720322,33.80422493271232,30.076282370039376,42.8,38.08,,,,,,,,,,
180,2016-08-09,45,5.0,34.15,6.83,30.38,6.08, 3 club challenge,45.06, ,0.22246831421550417,0.19790885463739433,0.5909903412234692,0.5257477764676132,1.3345145935100593,1.187190434870735,2.8466655558957856,2.5324070157573635,6.0007222661647885,5.338270642637958,20.324438114245858,18.08071537074053,34.15,30.38,,,,,,,,,,,,
181,2016-08-23,45,3.108,23.58,7.59,20.72,6.67, Morning track run USF,45.1, ,0.258057984345575,0.22675833060391493,0.6855348221684118,0.6023868327111744,1.548005374587226,1.3602489975168501,3.302064736953207,2.9015598536755913,6.9606959448797605,6.1164385062726305,23.575867652046696,20.716368861340438,,,,,,,,,,,,,,
182,2016-08-27,45,3.108,29.85,9.61,25.4,8.17, 5k on Clearwater Beach,45.11, ,0.32667645600998363,0.2779759458175405,0.8678207990554324,0.7384471790957448,1.9596251243184353,1.6674867054501927,4.180094673369518,3.556931480857144,8.811568021826162,7.497950678538843,29.84476884705657,25.395548700677953,,,,,,,,,,,,,,
183,2016-09-22,45,3.47,23.65,6.82,21.02,6.06, Tempo run,45.18, ,0.22952856743913908,0.20400382611292614,0.6097460075145265,0.5419391576302471,1.3768667414734324,1.223752173605562,2.9370073186699424,2.610397202471128,6.1911611557353154,5.502672621292022,20.96945437294627,18.63754464775182,,,,,,,,,,,,,,
184,2016-11-24,45,3.108,22.2,7.14,19.6,6.31, Thanksgiving Turkey Trot,45.35, ,0.24295535421848027,0.21450112354424386,0.6454144636191155,0.5698253822943542,1.4574096401966252,1.2867220246781015,3.1088141289381337,2.744718780503938,6.55332697100639,5.785820208636273,22.196109494293328,19.59656513910582,,,,,,,,,,,,,,
185,2016-11-24,45,1.0,5.57,5.57,5.05,5.05, Thanksgiving Turkey Trot,45.35, ,0.20649989371568253,0.18722162715694735,0.5485699978443771,0.4973569998409522,1.2387252660839783,1.1230812556057612,2.64233644602143,2.3956551261056047,5.57,5.05,,,,,,,,,,,,,,,,
186,2016-11-24,45,6.215,42.87,6.9,37.98,6.11, Thanksgiving Turkey Trot,45.35, ,0.2205759473780307,0.19541577983246106,0.5859632409510453,0.5191248866648169,1.3231629043052924,1.172235295206788,2.822451161525283,2.5005060675234483,5.949678737303511,5.271023989801431,20.151553751754474,17.852951049489967,33.85951221648078,29.997300536084442,42.87,37.98,,,,,,,,,,
187,2016-12-26,45,6.0,42.15,7.02,37.25,6.21, Barrow Boxing Day Handicap,45.44, ,0.2252760600421839,0.1990873840230451,0.5984491592130315,0.5288785570743874,1.3513573416280737,1.1942600468717854,2.8825929793704685,2.54748727121115,6.0764566598886836,5.370059563009573,20.580950402281648,18.188384400592916,34.581003041126245,30.560910160900423,43.78348958173993,38.69359399572509,,,,,,,,,,
188,2017-02-26,45,3.2,23.08,7.21,20.3,6.34, Flatwoods levee tempo run,45.61, ,0.244683668081385,0.21521137183934644,0.6500057547572767,0.5717121673125094,1.4677772293085642,1.2909825717055396,3.1309293302001984,2.7538069932003477,6.599945436726444,5.804978005439637,22.354006173973172,19.66145257069564,,,,,,,,,,,,,,
189,2017-07-04,45,3.108,20.2,6.5,17.92,5.77, Independence Day 5k  Fairbanks  AK,45.96, ,0.22106748446906765,0.19611531295473725,0.5872690164462222,0.5209832066691239,1.3261114744131455,1.1764315654199786,2.8287407839887524,2.5094571707464577,5.962937153798608,5.2898927621817355,20.196459990302937,17.916859555753895,,,,,,,,,,,,,,
190,2017-10-01,46,3.108,20.53,6.61,18.13,5.84, fort de soto 5k & 15k,46.2, Emily Cerrito 23:55; Michelle Saunders 28:21; Faye Ricker 39:00,0.22467898297772074,0.19841353927842556,0.5968630152297496,0.5270884786222777,1.3477756717674194,1.190217872827244,2.8749528859054,2.5388648719661426,6.060351473637891,5.351883692988552,20.52640215846135,18.126822753672883,,,,,,,,,,,,,,
191,2017-11-11,46,6.215,44.35,7.14,38.77,6.24, Trot thru the terrace,46.32, Emily Cerrito 51:38; Charlie Breithaupt 49:55,0.22819088561268167,0.1994805103766329,0.6061924361133395,0.529922903001447,1.368842426077437,1.1966182831797574,2.9198905764788035,2.5525176471270172,6.155079356179397,5.380663509336532,20.847245367163772,18.224299952309796,35.02844335901383,30.621257024328436,44.35,38.77,,,,,,,,,,
192,2018-03-13,46,6.0,41.98,7.0,36.67,6.11, Run on the shutle landing facility ,46.65, ,0.22436747332315254,0.1959874999228205,0.5960354852612826,0.520643669474303,1.3459070273202025,1.1756648568802248,2.8709668629649414,2.507821697592292,6.051949005507163,5.286445212766739,20.497943010386322,17.905182710597106,34.44153043099597,30.08506243222063,43.60690136753125,38.09111655901313,,,,,,,,,,
193,2018-06-09,46,6.215,60.7,9.77,50.33,8.1, Santa Rosa Olympic Triathlon 1500m swim  25 mile ride  10k run,46.89, ,0.3123153721914268,0.258959352263501,0.8296703691562505,0.6879293192690953,1.8734776834926816,1.5534123856702908,3.9963327619450593,3.3135984828450544,8.424201057950155,6.985008883799527,28.532757469827306,23.65821554293918,47.94197321064576,39.751557029518956,60.70000000000001,50.33,,,,,,,,,,
194,2018-07-07,46,6.215,48.32,7.77,41.48,6.67, Multirace Fort de Soto Tri #1,46.97, ,0.2486174429042791,0.21342407971170316,0.6604558852986824,0.5669641995486205,1.4913746567770407,1.2802611912895623,3.181265223347368,2.730937116400017,6.706052637893764,5.756768696602511,22.713391119308984,19.498167707552497,38.16402216702476,32.76166472450718,48.32,41.48,,,,,,,,,,
195,2018-08-18,47,6.215,48.43,7.79,41.52,6.68, Multirace Fort de Soto Tri #2,47.08, ,0.249183418043341,0.21362988885318024,0.6619594065607448,0.5675109345530069,1.4947697563682136,1.2814957729590797,3.188507342026346,2.7335706141014637,6.721318900107512,5.762320064680238,22.76509792856238,19.51697018364464,38.250902184375185,32.79325745808916,48.43,41.52,,,,,,,,,,
196,2018-09-15,47,6.215,48.3,7.77,41.38,6.66, Multirace Fort de Soto Tri #3,47.16, ,0.24851453833354056,0.21290955685801055,0.6601825177964892,0.5655973620376548,1.490757365942282,1.277174737115769,3.1799484744966446,2.724353372146401,6.703276953854901,5.742890276408195,22.703989881262913,19.45116151732214,38.14822580023377,32.68268289055225,48.3,41.38,,,,,,,,,,
197,2019-02-10,47,9.323,79.4,8.52,66.78,7.16, Trout Creek 15km trail race,47.56, ,0.26594704972878286,0.2236768763336035,0.7064922401234014,0.5942009042246945,1.5953292953899316,1.3417643620420607,3.40301183485243,2.862130104930041,7.173490699365054,6.033321270826175,24.29660319465941,20.434850898480548,40.824203573728475,34.3355203356875,51.688092729046446,43.47268050939196,79.39560654997193,66.77630485399402,,,,,,,,
198,2019-06-06,47,1.0,5.72,5.72,5.07,5.07, Jim Loftus Mile,47.89, 1:28 1:31 1:27 1:18,0.21206093214608687,0.1879630989476679,0.5633429780376725,0.49932673053339166,1.2720841152603868,1.1275291021626157,2.713494519074071,2.4051428691792904,5.72,5.07,,,,,,,,,,,,,,,,
199,2019-07-13,47,3.108,21.65,6.97,18.67,6.01, Multirace Fort de Soto Tri #1,47.99, ,0.2369361900373918,0.20432326411076698,0.6294244656465698,0.5427877493589589,1.421302644606168,1.2256683775887833,3.0317939590770537,2.6144846751024757,6.39096977127425,5.5112889436346535,21.64620588069597,18.666728119750292,,,,,,,,,,,,,,
200,2019-08-03,48,3.108,24.03,7.73,20.42,6.57, Multirace Fort de Soto Tri #2,48.04, ,0.26298275503919283,0.22347515014150304,0.6986175477823129,0.5936650156352405,1.577547461888509,1.3405542726493282,3.365081239566818,2.8595488519331846,7.0935336537515115,6.027880033691464,24.025788790444537,20.416421435741885,,,,,,,,,,,,,,
201,2019-09-14,48,3.108,22.97,7.39,19.62,6.31, Multirace Fort de Soto Tri #3,48.16, ,0.25138218407200413,0.214720002241738,0.6678004607806793,0.5704068367660832,1.5079594340232647,1.2880350063359363,3.2166423667436455,2.747519513953432,6.780627050631386,5.791724106808351,22.965974553329627,19.61656163414573,,,,,,,,,,,,,,
202,2020-07-07,48,3.108,22.18,7.14,18.88,6.08, Fast tempo run  Babe Zaharias golf course,48.97, ,0.24273647552098615,0.2066214904344553,0.6448330091473865,0.5488930213121126,1.4560966585387902,1.2394546849960486,3.10601339548864,2.6438923763221602,6.547423072834312,5.573279874441471,22.176112999253423,18.87669131766928,,,,,,,,,,,,,,
203,2021-04-24,49,3.108,20.75,6.68,17.7,5.7, Clearwater running festival 5k,49.77, ,0.2270866486501561,0.19370764728230186,0.6032590144187678,0.5145872074801056,1.3622184700036022,1.1619887671837956,2.905760953849832,2.4786491028020254,6.125294353530747,5.224949882288879,20.746363603900296,17.69689811031495,,,,,,,,,,,,,,
204,2021-07-18,50,1.0,5.98,5.98,5.17,5.17, 50th birthday foot race,50.0, Mitch 6:10; charlie maybe 6:30,0.22170006542545448,0.19167045790127082,0.588949477039385,0.5091753839955887,1.3299061204994955,1.1497683349468881,2.8368351790319837,2.452581584547718,5.98,5.17,,,,,,,,,,,,,,,,
205,2021-10-23,50,6.215,43.97,7.07,37.0,5.95, Fast tempo run  Lake Carrollwood,50.26, ,0.22623569876864966,0.1903734558662733,0.6009984535716694,0.505729879057352,1.3571139002170216,1.1419880443036114,2.8948723483150616,2.4359853738380095,6.102341359440993,5.135015471897129,20.66862184428841,17.392290385232457,34.72831238998507,29.223278563326076,43.97,37.0,,,,,,,,,,
206,2021-11-06,50,6.215,43.0,6.92,36.3,5.84, Trot thru the terrace,50.3, 2nd overall after chasing down a 57-year-old geologist called Matt; and only 10-seconds behind the winner. negative splits; when adjusted for hills. First woman was a USF chemistry freshman in 49 minutes.,0.22124482708783114,0.1867717958904249,0.587740129715301,0.4961620164805913,1.327175294731224,1.1203828650870566,2.8310100290549842,2.3898991640626956,5.967720683556123,5.037866530536913,20.21266179905394,17.063247053619953,33.9621886006222,28.67040572564153,43.0,36.3,,,,,,,,,,
207,2021-11-13,50,6.215,42.05,6.77,35.62,5.73, St Pete Run Festival,50.32, Mitch 43:50; Emily 51:30,0.21635685997775114,0.18327304048531498,0.5747551733611257,0.4868675214060237,1.2978539800801854,1.0993949767052604,2.7684644586456293,2.345129703138105,5.835875691710115,4.94349327321556,19.766102991865537,16.743604960053517,33.21186117805031,28.133329254747967,42.05,35.62,,,,,,,,,,
