,Digitizer,yyyyjjj,Latitude,LatSTD,dates
8,91F8,2018288,28.060383333333334,0.0,2018-10-15
9,91F8,2018289,28.060383333333334,9.427155228572859e-05,2018-10-16
11,91F8,2018290,28.060383333333334,0.19845557280020207,2018-10-17
15,91F8,2018291,28.060383333333334,0.23615764521773636,2018-10-18
16,91F8,2018292,28.574252777777776,0.24767392877901004,2018-10-19
17,91F8,2018293,28.574241666666666,0.22918203103850449,2018-10-20
18,91F8,2018294,28.574247222222223,0.21886467367973086,2018-10-21
19,91F8,2018295,28.574247222222223,0.20289444014675717,2018-10-22
20,91F8,2018296,28.574258333333333,0.18339458373433382,2018-10-23
21,91F8,2018297,28.574252777777776,0.18089673753621535,2018-10-24
22,91F8,2018298,28.574252777777776,0.1706337111833048,2018-10-25
23,91F8,2018299,28.574252777777776,0.1670602874715744,2018-10-26
24,91F8,2018300,28.574252777777776,0.18089613679229355,2018-10-27
25,91F8,2018301,28.574252777777776,0.14680555606838497,2018-10-28
26,91F8,2018302,28.574252777777776,7.223606866131497e-06,2018-10-29
27,91F8,2018303,28.574252777777776,7.789613400928456e-06,2018-10-30
28,91F8,2018304,28.574252777777776,7.234380426417146e-06,2018-10-31
29,91F8,2018305,28.574252777777776,1.0251009342083377e-05,2018-11-01
30,91F8,2018306,28.574255555555556,1.1427379536350176e-05,2018-11-02
31,91F8,2018307,28.574255555555556,1.0835426740130693e-05,2018-11-03
32,91F8,2018308,28.574255555555556,9.718640213491713e-06,2018-11-04
33,91F8,2018309,28.574255555555556,9.859512614416e-06,2018-11-05
34,91F8,2018310,28.574255555555556,1.0679293931614365e-05,2018-11-06
35,91F8,2018311,28.574258333333333,1.3946867220739988e-05,2018-11-07
36,91F8,2018312,28.574258333333333,1.1501774243557174e-05,2018-11-08
37,91F8,2018313,28.574258333333333,4.817060057965377e-06,2018-11-09
38,91F8,2018314,28.574258333333333,7.1497373471028e-06,2018-11-10
39,91F8,2018315,28.574255555555556,9.768276950455515e-06,2018-11-11
40,91F8,2018316,28.574255555555556,1.0883042330518528e-05,2018-11-12
41,91F8,2018317,28.574255555555556,1.1234843131337882e-05,2018-11-13
42,91F8,2018318,28.574252777777776,1.1908501763943613e-05,2018-11-14
43,91F8,2018319,28.574244444444446,1.5835787952889595e-05,2018-11-15
44,91F8,2018320,28.57425,1.2107169948819145e-05,2018-11-16
45,91F8,2018321,28.574252777777776,1.4145910204074557e-05,2018-11-17
46,91F8,2018322,28.574252777777776,1.5111693087531227e-05,2018-11-18
47,91F8,2018323,28.574247222222223,1.5133299267247843e-05,2018-11-19
48,91F8,2018324,28.574252777777776,1.5177926961892374e-05,2018-11-20
49,91F8,2018325,28.57426388888889,1.488231164744206e-05,2018-11-21
50,91F8,2018326,28.57426388888889,1.424894739653527e-05,2018-11-22
51,91F8,2018327,28.574266666666666,1.1206129199734432e-05,2018-11-23
52,91F8,2018328,28.574266666666666,1.1110872698614056e-05,2018-11-24
53,91F8,2018329,28.57426388888889,1.2323597536670172e-05,2018-11-25
54,91F8,2018330,28.574283333333334,2.0126964688351462e-05,2018-11-26
55,91F8,2018331,28.57425,2.2185631622693596e-05,2018-11-27
56,91F8,2018332,28.574291666666667,2.1411215019052e-05,2018-11-28
57,91F8,2018333,28.57428611111111,1.8031215373525665e-05,2018-11-29
58,91F8,2018334,28.574283333333334,1.6992794385437543e-05,2018-11-30
59,91F8,2018335,28.574280555555557,1.592303976009637e-05,2018-12-01
60,91F8,2018336,28.574272222222223,1.3180196437848282e-05,2018-12-02
61,91F8,2018337,28.574272222222223,1.465847954886939e-05,2018-12-03
62,91F8,2018338,28.574280555555557,1.6799768214569313e-05,2018-12-04
65,91F8,2018339,28.574266666666666,1.749132072317353e-05,2018-12-05
70,91F8,2018340,28.574266666666666,1.681111571307345e-05,2018-12-06
75,91F8,2018341,28.57426111111111,1.483325737107922e-05,2018-12-07
80,91F8,2018342,28.574252777777776,1.4470498343380678e-05,2018-12-08
85,91F8,2018343,28.574272222222223,1.589671160421106e-05,2018-12-09
89,91F8,2018344,28.574258333333333,1.7198916515017942e-05,2018-12-10
93,91F8,2018345,28.574258333333333,1.508166214512713e-05,2018-12-11
97,91F8,2018346,28.574258333333333,1.4201881979506424e-05,2018-12-12
101,91F8,2018347,28.574269444444443,1.1916150076916759e-05,2018-12-13
105,91F8,2018348,28.574269444444443,1.1064692052828035e-05,2018-12-14
109,91F8,2018349,28.574269444444443,9.933287590042698e-06,2018-12-15
113,91F8,2018350,28.574266666666666,1.3672433300089585e-05,2018-12-16
117,91F8,2018351,28.574266666666666,1.1842892797003496e-05,2018-12-17
121,91F8,2018352,28.574269444444443,1.2020182423597846e-05,2018-12-18
125,91F8,2018353,28.574266666666666,1.1975141696844697e-05,2018-12-19
129,91F8,2018354,28.574266666666666,7.686223337270963e-06,2018-12-20
133,91F8,2018355,28.574266666666666,6.422048273612962e-06,2018-12-21
137,91F8,2018356,28.574266666666666,8.752127195811769e-06,2018-12-22
141,91F8,2018357,28.574266666666666,1.215323889925424e-05,2018-12-23
145,91F8,2018358,28.574266666666666,1.3423555608189678e-05,2018-12-24
149,91F8,2018359,28.574272222222223,1.6262082182614e-05,2018-12-25
153,91F8,2018360,28.574258333333333,1.5631968640341402e-05,2018-12-26
157,91F8,2018361,28.574272222222223,1.6157704443379268e-05,2018-12-27
161,91F8,2018362,28.574272222222223,1.6755821395191753e-05,2018-12-28
165,91F8,2018363,28.574272222222223,1.6031795200874894e-05,2018-12-29
169,91F8,2018364,28.57425,1.7662961086990257e-05,2018-12-30
173,91F8,2018365,28.57425,1.4566770662828184e-05,2018-12-31
177,91F8,2019001,28.57426111111111,1.1390522266820681e-05,2019-01-01
181,91F8,2019002,28.57426111111111,6.2537183513471e-06,2019-01-02
185,91F8,2019003,28.57426111111111,3.552713678800501e-15,2019-01-03
189,91F8,2019004,28.57426111111111,5.009833310189593e-06,2019-01-04
193,91F8,2019005,28.57426111111111,4.062965960628364e-06,2019-01-05
197,91F8,2019006,28.57426111111111,4.1458647653689595e-06,2019-01-06
201,91F8,2019007,28.57426111111111,9.398956717269818e-06,2019-01-07
205,91F8,2019008,28.57426111111111,7.885202536687002e-06,2019-01-08
209,91F8,2019009,28.57426111111111,1.4044168140127475e-05,2019-01-09
213,91F8,2019010,28.57426111111111,1.5495656904137707e-05,2019-01-10
217,91F8,2019011,28.57425,1.6286063015234838e-05,2019-01-11
220,91F8,2019012,28.57425,4.760871249702407e-06,2019-01-12
223,91F8,2019013,28.57425,9.503922181332262e-06,2019-01-13
226,91F8,2019014,28.57425,1.5071204453728787e-05,2019-01-14
230,91F8,2019015,28.57425,1.1304605884327254e-05,2019-01-15
234,91F8,2019016,28.57425,1.63753319039114e-05,2019-01-16
238,91F8,2019017,28.57425,1.8588760188787806e-05,2019-01-17
242,91F8,2019018,28.574241666666666,1.8382843580617837e-05,2019-01-18
246,91F8,2019019,28.574241666666666,1.7943601632908935e-05,2019-01-19
250,91F8,2019020,28.574241666666666,1.7862583300441947e-05,2019-01-20
254,91F8,2019021,28.57425,1.5857800902550315e-05,2019-01-21
258,91F8,2019022,28.574247222222223,1.2321638580150236e-05,2019-01-22
262,91F8,2019023,28.57425,1.4212443755358758e-05,2019-01-23
266,91F8,2019024,28.574244444444446,1.4750320503722531e-05,2019-01-24
270,91F8,2019025,28.574244444444446,1.0020592956591672e-05,2019-01-25
274,91F8,2019026,28.57425,1.0984388740362275e-05,2019-01-26
278,91F8,2019027,28.57425,1.1464125840731304e-05,2019-01-27
282,91F8,2019028,28.574244444444446,1.2926762159714036e-05,2019-01-28
286,91F8,2019029,28.574266666666666,1.4961807463839552e-05,2019-01-29
290,91F8,2019030,28.574269444444443,1.460947806378107e-05,2019-01-30
294,91F8,2019031,28.574247222222223,1.6418709622137728e-05,2019-01-31
298,91F8,2019032,28.574247222222223,1.690116693393064e-05,2019-02-01
302,91F8,2019033,28.574247222222223,1.882560617239366e-05,2019-02-02
306,91F8,2019034,28.574244444444446,1.9031884469759102e-05,2019-02-03
310,91F8,2019035,28.574244444444446,1.6686491079629075e-05,2019-02-04
314,91F8,2019036,28.574244444444446,1.5947050649753863e-05,2019-02-05
317,91F8,2019037,28.574258333333333,1.7651599301322375e-05,2019-02-06
320,91F8,2019038,28.574258333333333,1.8399359374981347e-05,2019-02-07
323,91F8,2019039,28.574258333333333,1.1369547951653367e-05,2019-02-08
326,91F8,2019040,28.574241666666666,1.3887880803916095e-05,2019-02-09
328,91F8,2019041,28.574269444444443,1.3884322428371785e-05,2019-02-10
331,91F8,2019042,28.574269444444443,0.0,2019-02-11
334,91F8,2019043,28.574269444444443,3.552713678800501e-15,2019-02-12
337,91F8,2019044,28.574269444444443,9.633134651781532e-06,2019-02-13
342,91F8,2019045,28.574269444444443,1.2594678018485372e-05,2019-02-14
347,91F8,2019046,28.574255555555556,8.146688347907172e-06,2019-02-15
352,91F8,2019047,28.574269444444443,8.989272495279574e-06,2019-02-16
357,91F8,2019048,28.574269444444443,9.251246052242891e-06,2019-02-17
362,91F8,2019049,28.574269444444443,9.098654479618568e-06,2019-02-18
367,91F8,2019050,28.574269444444443,0.0,2019-02-19
372,91F8,2019051,28.574269444444443,3.552713678800501e-15,2019-02-20
376,91F8,2019052,28.574269444444443,3.552713678800501e-15,2019-02-21
381,91F8,2019053,28.574269444444443,3.552713678800501e-15,2019-02-22
386,91F8,2019054,28.574269444444443,3.552713678800501e-15,2019-02-23
391,91F8,2019055,28.574269444444443,3.509839200944971e-06,2019-02-24
396,91F8,2019056,28.57426111111111,6.748136085048315e-06,2019-02-25
401,91F8,2019057,28.57426111111111,6.545927812099079e-06,2019-02-26
406,91F8,2019058,28.574269444444443,1.7054166848814942e-05,2019-02-27
411,91F8,2019059,28.574266666666666,2.091168009769163e-05,2019-02-28
416,91F8,2019060,28.574269444444443,2.096821335413167e-05,2019-03-01
421,91F8,2019061,28.574269444444443,2.0244265733401505e-05,2019-03-02
426,91F8,2019062,28.574269444444443,1.57172034793561e-05,2019-03-03
431,91F8,2019063,28.574269444444443,6.546569084012709e-06,2019-03-04
436,91F8,2019064,28.574269444444443,1.0596332213987568e-05,2019-03-05
441,91F8,2019065,28.574266666666666,1.3540485252774543e-05,2019-03-06
446,91F8,2019066,28.574269444444443,1.6685750673023586e-05,2019-03-07
451,91F8,2019067,28.574269444444443,1.614086118703527e-05,2019-03-08
456,91F8,2019068,28.574269444444443,1.3360293984951137e-05,2019-03-09
461,91F8,2019069,28.574283333333334,6.7570035481687785e-06,2019-03-10
466,91F8,2019070,28.574283333333334,0.0,2019-03-11
471,91F8,2019071,28.57426388888889,3.552713678800501e-15,2019-03-12
476,91F8,2019072,28.574255555555556,1.4439906118340242e-05,2019-03-13
481,91F8,2019073,28.57426388888889,1.52984888378984e-05,2019-03-14
486,91F8,2019074,28.57426388888889,1.4316754842191364e-05,2019-03-15
491,91F8,2019075,28.57426388888889,7.4019265278839445e-06,2019-03-16
496,91F8,2019076,28.57426388888889,7.827920121678114e-06,2019-03-17
501,91F8,2019077,28.57426388888889,5.957573252747454e-06,2019-03-18
506,91F8,2019078,28.574275,4.943818703144609e-06,2019-03-19
511,91F8,2019079,28.574275,4.057935249538788e-06,2019-03-20
516,91F8,2019080,28.574275,8.356558693251394e-06,2019-03-21
521,91F8,2019081,28.574275,7.050912360842816e-06,2019-03-22
526,91F8,2019082,28.574275,5.189210523397186e-06,2019-03-23
531,91F8,2019083,28.574275,5.0070371607834206e-06,2019-03-24
536,91F8,2019084,28.574275,0.0,2019-03-25
541,91F8,2019085,28.574275,0.0,2019-03-26
546,91F8,2019086,28.574275,7.001601327051393e-07,2019-03-27
551,91F8,2019087,28.574275,2.011494253369114e-06,2019-03-28
556,91F8,2019088,28.574275,0.0,2019-03-29
561,91F8,2019089,28.574275,0.0,2019-03-30
570,91F8,2019091,28.574275,1.0658141036401503e-14,2019-04-01
575,91F8,2019092,28.574275,9.696587141602729e-06,2019-04-02
580,91F8,2019093,28.574258333333333,1.2607507506780587e-05,2019-04-03
585,91F8,2019094,28.574272222222223,1.370831581545322e-05,2019-04-04
590,91F8,2019095,28.574272222222223,1.180930855207254e-05,2019-04-05
595,91F8,2019096,28.574283333333334,5.992851161223833e-06,2019-04-06
600,91F8,2019097,28.574284722222224,1.3888888883428763e-06,2019-04-07
613,91F8,2019100,28.57428611111111,1.38816607336374e-06,2019-04-10
618,91F8,2019101,28.574283333333334,9.803862464952191e-07,2019-04-11
622,91F8,2019102,28.574283333333334,0.0,2019-04-12
626,91F8,2019103,28.574283333333334,3.552713678800501e-15,2019-04-13
631,91F8,2019104,28.574266666666666,1.3241390923176902e-05,2019-04-14
636,91F8,2019105,28.57426388888889,1.1958813377453752e-05,2019-04-15
641,91F8,2019106,28.574266666666666,1.2528942763452575e-05,2019-04-16
646,91F8,2019107,28.574266666666666,1.0833623994672572e-05,2019-04-17
651,91F8,2019108,28.574266666666666,8.872556610123815e-06,2019-04-18
656,91F8,2019109,28.574266666666666,7.83926987144843e-06,2019-04-19
661,91F8,2019110,28.574266666666666,1.1568246308408345e-05,2019-04-20
665,91F8,2019111,28.574252777777776,1.3520344818979208e-05,2019-04-21
669,91F8,2019112,28.574252777777776,1.3575808645656487e-05,2019-04-22
674,91F8,2019113,28.574252777777776,1.411931735929842e-05,2019-04-23
679,91F8,2019114,28.57426388888889,1.709957455663367e-05,2019-04-24
684,91F8,2019115,28.574252777777776,1.8906624393373734e-05,2019-04-25
689,91F8,2019116,28.574247222222223,1.6600246581749902e-05,2019-04-26
694,91F8,2019117,28.574241666666666,1.4500848182032855e-05,2019-04-27
699,91F8,2019118,28.574247222222223,8.141422357867002e-06,2019-04-28
704,91F8,2019119,28.57425,1.1997423433300886e-05,2019-04-29
709,91F8,2019120,28.57425,9.867664060060259e-06,2019-04-30
714,91F8,2019121,28.574258333333333,1.2592592592639099e-05,2019-05-01
723,91F8,2019123,28.57426111111111,0.0,2019-05-03
728,91F8,2019124,28.57426111111111,7.105427357601002e-15,2019-05-04
733,91F8,2019125,28.57426388888889,1.023820274297726e-05,2019-05-05
738,91F8,2019126,28.57426388888889,9.154031695742706e-06,2019-05-06
743,91F8,2019127,28.574247222222223,1.1107805707542143e-05,2019-05-07
748,91F8,2019128,28.574247222222223,1.1110304642422385e-05,2019-05-08
753,91F8,2019129,28.574269444444443,1.188114242411846e-05,2019-05-09
758,91F8,2019130,28.574252777777776,1.0583872689002043e-05,2019-05-10
763,91F8,2019131,28.574252777777776,5.295581790542928e-06,2019-05-11
768,91F8,2019132,28.57425,2.7777777766857525e-06,2019-05-12
773,91F8,2019133,28.574252777777776,2.268884676628901e-06,2019-05-13
778,91F8,2019134,28.574252777777776,9.510015181723427e-06,2019-05-14
782,91F8,2019135,28.574280555555557,9.241936899570105e-06,2019-05-15
786,91F8,2019136,28.574280555555557,7.2617781860708085e-06,2019-05-16
790,91F8,2019137,28.574280555555557,8.136270513277275e-06,2019-05-17
794,91F8,2019138,28.574266666666666,1.8721989486209324e-05,2019-05-18
798,91F8,2019139,28.574252777777776,1.9011354624283092e-05,2019-05-19
802,91F8,2019140,28.574241666666666,1.64565823863316e-05,2019-05-20
806,91F8,2019141,28.574247222222223,1.2449982882665201e-05,2019-05-21
810,91F8,2019142,28.574252777777776,1.4633592923784235e-05,2019-05-22
814,91F8,2019143,28.574247222222223,1.613588053003935e-05,2019-05-23
818,91F8,2019144,28.574252777777776,1.5647671351136516e-05,2019-05-24
822,91F8,2019145,28.57426111111111,1.583480860339673e-05,2019-05-25
826,91F8,2019146,28.57426111111111,1.5739958376399446e-05,2019-05-26
830,91F8,2019147,28.574258333333333,1.765777658251014e-05,2019-05-27
834,91F8,2019148,28.574258333333333,1.7091607142403355e-05,2019-05-28
838,91F8,2019149,28.574259722222223,1.184633479722144e-05,2019-05-29
842,91F8,2019150,28.57426111111111,1.1588889907360568e-05,2019-05-30
846,91F8,2019151,28.574258333333333,9.617085846914268e-06,2019-05-31
850,91F8,2019152,28.574258333333333,3.552713678800501e-15,2019-06-01
854,91F8,2019153,28.574258333333333,8.000281003314475e-06,2019-06-02
858,91F8,2019154,28.574252777777776,2.1046150755075125e-05,2019-06-03
862,91F8,2019155,28.57421111111111,2.020250531942225e-05,2019-06-04
866,91F8,2019156,28.574230555555555,1.4781195217663798e-05,2019-06-05
870,91F8,2019157,28.574230555555555,1.3262398657969383e-05,2019-06-06
873,91F8,2019158,28.574244444444446,1.909057452288032e-05,2019-06-07
876,91F8,2019159,28.57425,2.0419462378040992e-05,2019-06-08
879,91F8,2019160,28.574258333333333,2.239560083841164e-05,2019-06-09
883,91F8,2019161,28.57425,2.144493984976248e-05,2019-06-10
887,91F8,2019162,28.57425,1.6381786962504776e-05,2019-06-11
891,91F8,2019163,28.574258333333333,1.6238348560673718e-05,2019-06-12
894,91F8,2019164,28.57426111111111,1.5546021437205292e-05,2019-06-13
896,91F8,2019165,28.574258333333333,1.4934094150282981e-05,2019-06-14
973,91F8,2019197,28.574247222222223,1.1111111110295724e-05,2019-07-16
978,91F8,2019198,28.574247222222223,1.1393454864282949e-05,2019-07-17
983,91F8,2019199,28.574247222222223,2.1909414291813234e-05,2019-07-18
988,91F8,2019200,28.574247222222223,4.0588192455603644e-05,2019-07-19
993,91F8,2019201,28.574247222222223,4.440919199986257e-05,2019-07-20
998,91F8,2019202,28.574247222222223,4.440929023485767e-05,2019-07-21
1003,91F8,2019203,28.574247222222223,0.0,2019-07-22
1008,91F8,2019204,28.574258333333333,5.551444895646703e-06,2019-07-23
1014,91F8,2019205,28.574258333333333,2.728031296339937e-06,2019-07-24
1020,91F8,2019206,28.57426388888889,1.0205550983985368e-06,2019-07-25
1026,91F8,2019207,28.57426388888889,1.3089474424440916e-05,2019-07-26
1032,91F8,2019208,28.57425,1.5758194367923202e-05,2019-07-27
1037,91F8,2019209,28.57426388888889,1.606996361223033e-05,2019-07-28
1043,91F8,2019210,28.57426388888889,1.3271123783007618e-05,2019-07-29
1049,91F8,2019211,28.57426111111111,1.39108107986612e-05,2019-07-30
1055,91F8,2019212,28.57426388888889,1.3121049558113623e-05,2019-07-31
1061,91F8,2019213,28.57426388888889,1.8372942955080585e-05,2019-08-01
1067,91F8,2019214,28.57426111111111,2.994335604602929e-05,2019-08-02
1073,91F8,2019215,28.574252777777776,3.858349584948384e-05,2019-08-03
1079,91F8,2019216,28.574252777777776,3.6723607075663686e-05,2019-08-04
1085,91F8,2019217,28.574258333333333,3.464361546511205e-05,2019-08-05
1091,91F8,2019218,28.574266666666666,1.400960160422681e-05,2019-08-06
1097,91F8,2019219,28.57426388888889,1.4577536525447933e-05,2019-08-07
1103,91F8,2019220,28.574266666666666,1.3169477806203339e-05,2019-08-08
1109,91F8,2019221,28.574266666666666,1.3643865455876182e-05,2019-08-09
1115,91F8,2019222,28.574266666666666,1.2643690577934718e-05,2019-08-10
1121,91F8,2019223,28.57427638888889,9.722222221952848e-06,2019-08-11
1127,91F8,2019224,28.57427638888889,9.722222221952848e-06,2019-08-12
1133,91F8,2019225,28.574266666666666,1.1961259267968039e-05,2019-08-13
1139,91F8,2019226,28.574272222222223,1.1017244404828728e-05,2019-08-14
1145,91F8,2019227,28.57426111111111,9.567799641010327e-06,2019-08-15
1151,91F8,2019228,28.574269444444443,6.438403569134594e-06,2019-08-16
1157,91F8,2019229,28.574272222222223,1.2481723670770063e-06,2019-08-17
1163,91F8,2019230,28.574252777777776,9.71444133234773e-06,2019-08-18
1169,91F8,2019231,28.574252777777776,0.0,2019-08-19
1175,91F8,2019232,28.574252777777776,5.980997863935177e-06,2019-08-20
1180,91F8,2019233,28.57425,6.936014443382756e-06,2019-08-21
1185,91F8,2019234,28.57425,6.085440686421113e-06,2019-08-22
1190,91F8,2019235,28.57425,1.2670739780986958e-05,2019-08-23
1196,91F8,2019236,28.574255555555556,1.5241101652033906e-05,2019-08-24
1202,91F8,2019237,28.574247222222223,1.5896545145707945e-05,2019-08-25
1208,91F8,2019238,28.574255555555556,1.36982505515816e-05,2019-08-26
1214,91F8,2019239,28.574247222222223,1.3720050040766313e-05,2019-08-27
1220,91F8,2019240,28.574247222222223,1.5589134661214907e-05,2019-08-28
1226,91F8,2019241,28.574247222222223,1.8583403085460028e-05,2019-08-29
1232,91F8,2019242,28.574258333333333,1.9347671083766526e-05,2019-08-30
1249,91F8,2019255,28.57426388888889,1.8678390646725684e-05,2019-09-12
1254,91F8,2019256,28.57426388888889,1.8906448096668205e-05,2019-09-13
1260,91F8,2019257,28.574252777777776,1.915039400540355e-05,2019-09-14
1266,91F8,2019258,28.57425,1.6242990465275218e-05,2019-09-15
1272,91F8,2019259,28.57425,1.3553842435960847e-05,2019-09-16
1278,91F8,2019260,28.57425,1.250841616159752e-05,2019-09-17
1284,91F8,2019261,28.574258333333333,1.2335064881572431e-05,2019-09-18
1290,91F8,2019262,28.57425,9.270679535590052e-06,2019-09-19
1296,91F8,2019263,28.574258333333333,8.156544172906237e-06,2019-09-20
1302,91F8,2019264,28.57426388888889,6.099774279879436e-06,2019-09-21
1308,91F8,2019265,28.57426388888889,3.5918131477687794e-06,2019-09-22
1314,91F8,2019266,28.57426388888889,7.12831271907371e-06,2019-09-23
1320,91F8,2019267,28.57426388888889,1.0044749872293999e-05,2019-09-24
1326,91F8,2019268,28.574266666666666,1.1612944620831571e-05,2019-09-25
1332,91F8,2019269,28.574266666666666,9.602694552237149e-06,2019-09-26
1338,91F8,2019270,28.574266666666666,1.2853937750902511e-06,2019-09-27
1344,91F8,2019271,28.57426388888889,1.388475712998811e-06,2019-09-28
1350,91F8,2019272,28.574266666666666,1.195152436740987e-06,2019-09-29
1356,91F8,2019273,28.57425,1.6731677333445848e-05,2019-09-30
1362,91F8,2019274,28.574247222222223,1.4049295412570424e-05,2019-10-01
1368,91F8,2019275,28.574247222222223,1.2715457548442893e-05,2019-10-02
1374,91F8,2019276,28.574247222222223,1.170404561268041e-05,2019-10-03
1380,91F8,2019277,28.574247222222223,5.555132161819111e-06,2019-10-04
1386,91F8,2019278,28.57425,6.6717177873835715e-06,2019-10-05
1392,91F8,2019279,28.57425,6.914200067342473e-06,2019-10-06
1398,91F8,2019280,28.574247222222223,5.907369192941167e-06,2019-10-07
1404,91F8,2019281,28.574247222222223,6.052228705764382e-06,2019-10-08
1410,91F8,2019282,28.574247222222223,1.2072853611102075e-05,2019-10-09
1416,91F8,2019283,28.57425,1.4165349106065066e-05,2019-10-10
1422,91F8,2019284,28.57425,1.2675857155856636e-05,2019-10-11
1428,91F8,2019285,28.57425,8.954491476830871e-06,2019-10-12
1434,91F8,2019286,28.574252777777776,9.494954618548094e-06,2019-10-13
1440,91F8,2019287,28.574252777777776,8.684389922972132e-06,2019-10-14
1446,91F8,2019288,28.574266666666666,6.5472850117621525e-06,2019-10-15
1452,91F8,2019289,28.574266666666666,1.3861931364359067e-05,2019-10-16
1457,91F8,2019290,28.574258333333333,1.5233680026284469e-05,2019-10-17
1462,91F8,2019291,28.574258333333333,1.6418536517039455e-05,2019-10-18
1467,91F8,2019292,28.574266666666666,1.630677731129807e-05,2019-10-19
1473,91F8,2019293,28.574266666666666,1.5127361552345747e-05,2019-10-20
1478,91F8,2019294,28.574266666666666,1.1220178081026262e-05,2019-10-21
1483,91F8,2019295,28.57425,1.0353196354598588e-05,2019-10-22
1488,91F8,2019296,28.574252777777776,9.180264949442064e-06,2019-10-23
1493,91F8,2019297,28.574252777777776,9.695986079298759e-06,2019-10-24
1498,91F8,2019298,28.574255555555556,1.1780909502857034e-05,2019-10-25
1503,91F8,2019299,28.574255555555556,1.42159913668232e-05,2019-10-26
1508,91F8,2019300,28.574252777777776,1.4343830344507246e-05,2019-10-27
1513,91F8,2019301,28.574258333333333,1.4127655171584864e-05,2019-10-28
1518,91F8,2019302,28.57426111111111,1.3415377209701479e-05,2019-10-29
1523,91F8,2019303,28.57426111111111,1.2352444578151162e-05,2019-10-30
1528,91F8,2019304,28.574252777777776,1.2105143810666609e-05,2019-10-31
1533,91F8,2019305,28.57426111111111,9.40968655247196e-06,2019-11-01
1538,91F8,2019306,28.574252777777776,1.2067647056215498e-05,2019-11-02
1543,91F8,2019307,28.574252777777776,1.273276835705317e-05,2019-11-03
1548,91F8,2019308,28.574252777777776,1.2116046458146343e-05,2019-11-04
1553,91F8,2019309,28.574258333333333,1.1863325527754566e-05,2019-11-05
1558,91F8,2019310,28.574258333333333,9.778998114509227e-06,2019-11-06
1563,91F8,2019311,28.57426388888889,7.197696963114833e-06,2019-11-07
1568,91F8,2019312,28.574272222222223,1.3254157189006358e-05,2019-11-08
1573,91F8,2019313,28.574255555555556,1.6423637502575233e-05,2019-11-09
1578,91F8,2019314,28.574255555555556,1.6073601405160627e-05,2019-11-10
1583,91F8,2019315,28.57426111111111,1.3984984839171997e-05,2019-11-11
1588,91F8,2019316,28.57426111111111,1.0576342938605409e-05,2019-11-12
1593,91F8,2019317,28.57426111111111,8.791542842290598e-06,2019-11-13
1610,91F8,2020031,28.57426111111111,1.0043667502223971e-05,2020-01-31
1612,91F8,2020032,28.57426111111111,1.008228196577544e-05,2020-02-01
1614,91F8,2020033,28.57426111111111,1.0837092749725334e-05,2020-02-02
1616,91F8,2020034,28.57426111111111,1.0581944718822601e-05,2020-02-03
1618,91F8,2020035,28.57426111111111,1.0066690155709488e-05,2020-02-04
1620,91F8,2020036,28.57426111111111,8.759336588113711e-06,2020-02-05
1622,91F8,2020037,28.57426111111111,7.511411361310549e-06,2020-02-06
1624,91F8,2020038,28.574255555555556,8.643003070354214e-06,2020-02-07
1626,91F8,2020039,28.574255555555556,8.111707655076953e-06,2020-02-08
1628,91F8,2020040,28.574255555555556,7.286926107827048e-06,2020-02-09
1630,91F8,2020041,28.574255555555556,8.435916632498953e-06,2020-02-10
1632,91F8,2020042,28.574255555555556,7.004953003499426e-06,2020-02-11
1633,91F8,2020043,28.57425,7.1883098437917984e-06,2020-02-12
1634,91F8,2020044,28.57425,7.652486761043879e-06,2020-02-13
1635,91F8,2020045,28.57425,7.043638492937579e-06,2020-02-14
1637,91F8,2020046,28.57425,9.136979144173988e-06,2020-02-15
1639,91F8,2020047,28.574254166666666,1.0697607328406024e-05,2020-02-16
1641,91F8,2020048,28.57425,1.0978357496442016e-05,2020-02-17
1643,91F8,2020049,28.574244444444446,1.2362197990730762e-05,2020-02-18
1645,91F8,2020050,28.574241666666666,1.2755503201131133e-05,2020-02-19
1647,91F8,2020051,28.574247222222223,1.0383813711530562e-05,2020-02-20
1649,91F8,2020052,28.57425,9.590789557622736e-06,2020-02-21
1651,91F8,2020053,28.57425,1.0614611137466874e-05,2020-02-22
1653,91F8,2020054,28.57425,9.614823335532137e-06,2020-02-23
1655,91F8,2020055,28.57425,9.472781263927411e-06,2020-02-24
1657,91F8,2020056,28.574258333333333,8.985277460912925e-06,2020-02-25
1659,91F8,2020057,28.57426111111111,9.208934336580106e-06,2020-02-26
1661,91F8,2020058,28.57425,1.2428928240099814e-05,2020-02-27
1663,91F8,2020059,28.57425,1.555640438974997e-05,2020-02-28
1665,91F8,2020060,28.574258333333333,1.3933673656154723e-05,2020-02-29
1667,91F8,2020061,28.574258333333333,1.5444045309881393e-05,2020-03-01
1669,91F8,2020062,28.574258333333333,9.439672372359423e-06,2020-03-02
1671,91F8,2020063,28.574258333333333,5.208262218042761e-06,2020-03-03
1673,91F8,2020064,28.57426111111111,1.3788526267902503e-06,2020-03-04
1675,91F8,2020065,28.57426111111111,0.0,2020-03-05
1677,91F8,2020066,28.57426111111111,0.0,2020-03-06
1680,91F8,2020068,28.574258333333333,1.940984794243067e-05,2020-03-08
1682,91F8,2020069,28.574266666666666,1.4738055784851726e-05,2020-03-09
1684,91F8,2020070,28.574258333333333,9.870471019655727e-06,2020-03-10
1686,91F8,2020071,28.574258333333333,5.472162345830515e-06,2020-03-11
1688,91F8,2020072,28.574255555555556,5.121274073672224e-06,2020-03-12
1690,91F8,2020073,28.574255555555556,5.487176225847734e-06,2020-03-13
1692,91F8,2020074,28.574252777777776,5.679447919678841e-06,2020-03-14
1694,91F8,2020075,28.574258333333333,1.059954075433357e-05,2020-03-15
1696,91F8,2020076,28.574266666666666,1.187281492480539e-05,2020-03-16
1698,91F8,2020077,28.574258333333333,6.827819430756947e-06,2020-03-17
1700,91F8,2020078,28.574258333333333,6.574823093228399e-06,2020-03-18
1702,91F8,2020079,28.574266666666666,1.0503347889263745e-05,2020-03-19
1704,91F8,2020080,28.574266666666666,1.2450939414063152e-05,2020-03-20
1706,91F8,2020081,28.574266666666666,9.645274663547658e-06,2020-03-21
1708,91F8,2020082,28.574266666666666,9.66829281770691e-06,2020-03-22
1710,91F8,2020083,28.574258333333333,1.0179686106724354e-05,2020-03-23
1712,91F8,2020084,28.574252777777776,1.2035344587111358e-05,2020-03-24
1714,91F8,2020085,28.574252777777776,1.1718262438998759e-05,2020-03-25
1716,91F8,2020086,28.574252777777776,1.1387412598077855e-05,2020-03-26
1718,91F8,2020087,28.574266666666666,0.0,2020-03-27
1720,91F8,2020088,28.574266666666666,0.0,2020-03-28
1722,91F8,2020089,28.574266666666666,3.552713678800501e-15,2020-03-29
1724,91F8,2020090,28.574266666666666,3.552713678800501e-15,2020-03-30
1726,91F8,2020091,28.574266666666666,0.0,2020-03-31
1729,91F8,2020093,28.574266666666666,8.127077132755073e-06,2020-04-02
1986,91F8,2020262,28.574266666666666,5.249942301856398e-06,2020-09-18
1991,91F8,2020263,28.574269444444443,6.53506613689549e-06,2020-09-19
1996,91F8,2020264,28.574272222222223,7.527265255376407e-06,2020-09-20
2001,91F8,2020265,28.574272222222223,6.3918619620713875e-06,2020-09-21
2006,91F8,2020266,28.574272222222223,9.533514253004782e-06,2020-09-22
2011,91F8,2020267,28.574247222222223,1.597696153521745e-05,2020-09-23
2016,91F8,2020268,28.574244444444446,1.044810482596063e-05,2020-09-24
2021,91F8,2020269,28.57425,9.860848588283667e-06,2020-09-25
2026,91F8,2020270,28.574247222222223,1.0168325696239126e-05,2020-09-26
2031,91F8,2020271,28.574244444444446,1.2496619335967269e-05,2020-09-27
2036,91F8,2020272,28.57425,1.2538786090352358e-05,2020-09-28
2041,91F8,2020273,28.57425,1.3330921747082586e-05,2020-09-29
2046,91F8,2020274,28.574247222222223,1.2952758054245415e-05,2020-09-30
2051,91F8,2020275,28.574252777777776,1.3730987544663168e-05,2020-10-01
2056,91F8,2020276,28.574252777777776,1.4704194011196059e-05,2020-10-02
2061,91F8,2020277,28.574252777777776,2.04761436674909e-05,2020-10-03
2066,91F8,2020278,28.574252777777776,2.1034512377039308e-05,2020-10-04
2071,91F8,2020279,28.574252777777776,1.7884590636385415e-05,2020-10-05
2076,91F8,2020280,28.574252777777776,1.1276066531556116e-05,2020-10-06
2081,91F8,2020281,28.574252777777776,1.1786365623112424e-05,2020-10-07
2086,91F8,2020282,28.57426111111111,1.160857810717698e-05,2020-10-08
2091,91F8,2020283,28.57426111111111,1.2024426189328566e-05,2020-10-09
2096,91F8,2020284,28.574266666666666,1.2475880763804525e-05,2020-10-10
2101,91F8,2020285,28.574272222222223,1.3205652539870108e-05,2020-10-11
2106,91F8,2020286,28.574272222222223,1.3799173323572042e-05,2020-10-12
2111,91F8,2020287,28.574272222222223,1.723689371505754e-05,2020-10-13
2116,91F8,2020288,28.57426388888889,2.7185998878066383e-05,2020-10-14
2121,91F8,2020289,28.57426388888889,2.8501412210598673e-05,2020-10-15
2126,91F8,2020290,28.574258333333333,2.68230781850078e-05,2020-10-16
2131,91F8,2020291,28.574258333333333,2.3752250033256654e-05,2020-10-17
2136,91F8,2020292,28.574258333333333,2.4622927635672502e-05,2020-10-18
2141,91F8,2020293,28.574258333333333,2.3689178881418392e-05,2020-10-19
2146,91F8,2020294,28.57426111111111,2.272065212542462e-05,2020-10-20
2151,91F8,2020295,28.574269444444443,2.3089824689518446e-05,2020-10-21
2156,91F8,2020296,28.574269444444443,2.294322963874396e-05,2020-10-22
2161,91F8,2020297,28.574266666666666,2.3162051619760742e-05,2020-10-23
2166,91F8,2020298,28.574266666666666,2.2168141055004464e-05,2020-10-24
2171,91F8,2020299,28.574266666666666,2.4063898912977813e-05,2020-10-25
2176,91F8,2020300,28.574275,2.4723903126096474e-05,2020-10-26
2181,91F8,2020301,28.574275,2.4380172542237913e-05,2020-10-27
2186,91F8,2020302,28.574266666666666,2.4264958946496334e-05,2020-10-28
2191,91F8,2020303,28.574266666666666,2.3715683577241624e-05,2020-10-29
2195,91F8,2020304,28.57426388888889,2.662128078289493e-05,2020-10-30
2199,91F8,2020305,28.57426111111111,1.8310299205362908e-05,2020-10-31
2203,91F8,2020306,28.57426111111111,1.4416216856020182e-05,2020-11-01
2207,91F8,2020307,28.57426388888889,2.3245652802679495e-05,2020-11-02
2211,91F8,2020308,28.574266666666666,2.524042711395191e-05,2020-11-03
2215,91F8,2020309,28.574266666666666,2.7012875350327862e-05,2020-11-04
2219,91F8,2020310,28.57426111111111,2.9580628105643788e-05,2020-11-05
2223,91F8,2020311,28.57426111111111,3.157162262318992e-05,2020-11-06
2227,91F8,2020312,28.574266666666666,2.961499309802255e-05,2020-11-07
2231,91F8,2020313,28.574266666666666,3.394781424122649e-05,2020-11-08
2235,91F8,2020314,28.574266666666666,3.267353343268057e-05,2020-11-09
2239,91F8,2020315,28.574266666666666,2.4712691524341123e-05,2020-11-10
2243,91F8,2020316,28.574266666666666,2.5272515612738582e-05,2020-11-11
2247,91F8,2020317,28.574266666666666,2.7771562678683834e-05,2020-11-12
2251,91F8,2020318,28.57426111111111,2.0285634642484893e-05,2020-11-13
2255,91F8,2020319,28.574272222222223,1.5932878380092826e-05,2020-11-14
2259,91F8,2020320,28.57426111111111,1.7635316122282946e-05,2020-11-15
2263,91F8,2020321,28.57426111111111,1.4268532000956893e-05,2020-11-16
2267,91F8,2020322,28.57426111111111,1.3436249481429886e-05,2020-11-17
2271,91F8,2020323,28.57426111111111,1.93331236725918e-05,2020-11-18
2275,91F8,2020324,28.57426111111111,1.987613974832657e-05,2020-11-19
2279,91F8,2020325,28.574266666666666,1.947092144453455e-05,2020-11-20
2283,91F8,2020326,28.574277777777777,1.1753367267524953e-05,2020-11-21
2287,91F8,2020327,28.574283333333334,3.809522538767077e-06,2020-11-22
2314,91F8,2020345,28.574283333333334,3.552713678800501e-15,2020-12-10
2318,91F8,2020346,28.574283333333334,2.0359236738803507e-05,2020-12-11
2322,91F8,2020347,28.574252777777776,1.7045428533677013e-05,2020-12-12
2326,91F8,2020348,28.574252777777776,1.3447858852910733e-06,2020-12-13
2330,91F8,2020349,28.574252777777776,7.86125300672635e-06,2020-12-14
2334,91F8,2020350,28.574255555555556,1.1509203441568006e-05,2020-12-15
2338,91F8,2020351,28.57426388888889,1.2300949432519274e-05,2020-12-16
2342,91F8,2020352,28.57426388888889,1.192788268214858e-05,2020-12-17
2346,91F8,2020353,28.57426388888889,1.144462209580376e-05,2020-12-18
2350,91F8,2020354,28.57426388888889,8.599155380417944e-06,2020-12-19
2354,91F8,2020355,28.574266666666666,1.0570245580614479e-05,2020-12-20
2358,91F8,2020356,28.574258333333333,1.3616642638269683e-05,2020-12-21
2362,91F8,2020357,28.574266666666666,1.540201589542688e-05,2020-12-22
2366,91F8,2020358,28.574269444444443,1.6743164982494445e-05,2020-12-23
2370,91F8,2020359,28.574269444444443,1.7311092915186332e-05,2020-12-24
2374,91F8,2020360,28.574269444444443,1.624526388820709e-05,2020-12-25
2378,91F8,2020361,28.574269444444443,1.676118606254634e-05,2020-12-26
2382,91F8,2020362,28.574269444444443,1.5117053411133426e-05,2020-12-27
2386,91F8,2020363,28.574269444444443,1.4705921901340973e-05,2020-12-28
2390,91F8,2020364,28.57426388888889,8.684114628719306e-06,2020-12-29
2394,91F8,2020365,28.574265277777776,6.955259606844173e-06,2020-12-30
2398,91F8,2020366,28.574269444444443,6.061882461174324e-06,2020-12-31
2402,91F8,2021001,28.57426388888889,9.356069891367138e-06,2021-01-01
2406,91F8,2021002,28.57426111111111,8.42055436017663e-06,2021-01-02
2410,91F8,2021003,28.574258333333333,7.663582566825447e-06,2021-01-03
2414,91F8,2021004,28.574258333333333,9.549018066069241e-06,2021-01-04
2418,91F8,2021005,28.57425,8.849008391615981e-06,2021-01-05
2422,91F8,2021006,28.57426111111111,1.0265862187424043e-05,2021-01-06
2426,91F8,2021007,28.574255555555553,9.632272383943873e-06,2021-01-07
2430,91F8,2021008,28.57426111111111,6.882309713333829e-06,2021-01-08
2434,91F8,2021009,28.57426111111111,6.262420816964623e-06,2021-01-09
2438,91F8,2021010,28.57426111111111,8.289272795016123e-06,2021-01-10
2442,91F8,2021011,28.57425,9.824934205076381e-06,2021-01-11
2446,91F8,2021012,28.574266666666666,1.1064593289160284e-05,2021-01-12
2450,91F8,2021013,28.574266666666666,1.1155123308047484e-05,2021-01-13
2454,91F8,2021014,28.574266666666666,1.1180555687376518e-05,2021-01-14
2458,91F8,2021015,28.574266666666666,9.792736707669346e-06,2021-01-15
2462,91F8,2021016,28.574266666666666,9.795227612646367e-06,2021-01-16
2466,91F8,2021017,28.57426111111111,1.0369127070622591e-05,2021-01-17
2470,91F8,2021018,28.57426388888889,1.0474516236988694e-05,2021-01-18
2474,91F8,2021019,28.57426111111111,9.643264652743143e-06,2021-01-19
2478,91F8,2021020,28.57426111111111,7.57402960693211e-06,2021-01-20
2482,91F8,2021021,28.57426111111111,7.157832626177635e-06,2021-01-21
2486,91F8,2021022,28.57426111111111,6.469710047390403e-06,2021-01-22
2490,91F8,2021023,28.574252777777776,5.69751472135834e-06,2021-01-23
2494,91F8,2021024,28.574252777777776,6.628508588213983e-06,2021-01-24
2498,91F8,2021025,28.574269444444443,4.245911298630609e-06,2021-01-25
2502,91F8,2021026,28.574269444444443,3.552713678800501e-15,2021-01-26
2506,91F8,2021027,28.574269444444443,2.6895717688621962e-06,2021-01-27
2510,91F8,2021028,28.574275,1.1144070753194914e-05,2021-01-28
2514,91F8,2021029,28.574252777777776,1.3340196376714287e-05,2021-01-29
2518,91F8,2021030,28.574266666666666,1.27644804007011e-05,2021-01-30
2522,91F8,2021031,28.574258333333333,1.2051596133523962e-05,2021-01-31
2526,91F8,2021032,28.574258333333333,1.2255536729541253e-05,2021-02-01
2530,91F8,2021033,28.57425,1.6105930045569325e-05,2021-02-02
2534,91F8,2021034,28.57425,1.547619038832908e-05,2021-02-03
2538,91F8,2021035,28.57426388888889,1.574478305716161e-05,2021-02-04
2542,91F8,2021036,28.57426388888889,1.6155346776677073e-05,2021-02-05
